人物A,人物B,类别,原标签,出现在第几回,上图,原文依据
三姑爷,贾探春,亲属,夫妻,119,是,再明儿，三姑爷也来了。
上夜众女人,王熙凤,主仆,主仆,112,是,凤姐命捆起上夜众女人送营审问，女人跪地哀求。
丰儿,王熙凤,事件,吩咐,020,否,回头叫丰儿：“去取一吊钱来，姑娘们都在后头顽呢，把他送了顽去。”
丰儿,王熙凤,事件,命,024,否,便命丰儿：“接过芸哥儿的来，送了家去，交给平儿。”
丰儿,王熙凤,主仆,主仆,"029,055,090,094,101,113",是,凤姐儿的丫头平儿、丰儿、小红
丰儿,王熙凤,事件,命取杯,041,否,凤姐乃命丰儿：“到前面里间屋，书架子上有十个竹根套杯取来。”
主上,贾政,社会,君臣,"104,106",是,主上又问道：‘贾范是你什么人？’我忙奏道：‘是远族。’
乌进孝,贾珍,主仆,庄头与主子,053,是,门下庄头乌进孝叩请爷、奶奶万福金安
二叔,贾琏,亲属,叔侄,102,是,贾琏即刻出去，不到半日回来便说：“才到吏部打听，果然二叔被参。题本上去，亏得皇上的恩典，没有交部，便下旨意，说是失察属员，重征粮米，苛虐百姓，本应革职，姑念初膺外任，不谙吏治，被属员蒙蔽，着降三级，加恩仍以工部员外上行走，并令即日回京。这信是准的。”
二哥哥,薛宝钗,亲属,兄妹,109,是,薛姨妈道：‘我想要与你二哥哥完婚，你想想好不好？’
二姨奶奶,贾琏,事件,说给,067,否,蓉哥儿哄着二爷，说把二姨奶奶说给二爷。
云儿,薛蟠,事件,拉手让唱曲,028,否,那薛蟠三杯下肚，不觉忘了情，拉着云儿的手笑道：‘你把那梯己新样儿的曲子唱个我听，我吃一坛如何？’
云儿,蒋玉菡,事件,告诉原故,028,否,冯紫英与蒋玉菡等不知原故，云儿便告诉了出来。
五嫂子,芸儿,亲属,母子,023,是,西廊下五嫂子的儿子芸儿
五嫂子,贾芸,亲属,母子,024,是,他是后廊上住的五嫂子的儿子芸儿。
五祖,神秀,社会,师徒,022,是,五祖欲求法嗣，令徒弟诸僧各出一偈。上座神秀说道
五祖,惠能,未分类,传衣钵,022,否,五祖便将衣钵传他。
仇都尉的儿子,冯紫英,冲突,打伤,026,是,冯紫英笑道：“从那一遭把仇都尉的儿子打伤了，我就记了再不怄气，如何又挥拳？”
从人,贾雨村,未分类,主从,103,否,从人便欲吆喝。雨村止住
他母亲,坠儿,亲属,母女,052,是,宋嬷嬷听了，只得出去唤了他母亲来，打点了他的东西
他母亲,宋妈妈,事件,叮嘱,052,否,宋妈妈忙道：“怪道你这嫂子不知规矩，你女儿在这屋里一场，临去时，也给姑娘们磕个头。”
他母亲,晴雯,冲突,冲突,052,是,那媳妇冷笑道：“我有胆子问他去！他那一件事不是听姑娘们的调停？”
他母亲,麝月,未分类,劝阻,052,否,麝月忙道：“嫂子，你只管带了人出去，有话再说。这个地方岂有你叫喊讲礼的？”
代化,贾政,未分类,先祖,104,否,我忙着磕头奏明先祖的名字是代化
众丫头们,贾宝玉,未分类,游戏,019,否,宝玉只和众丫头们掷骰子赶围棋作戏。
众仙姬,警幻,亲属,称谓（众仙姬称警幻为姐姐）,005,是,都怨谤警幻道：“我们不知系何贵客，忙的接出来！姐姐曾说今日今时必有绛珠妹子的生魂前来游玩，故我等久待
伙计,薛蟠,事件,宴请,067,否,且说薛蟠听了母亲之言，急下了请帖，办了酒席。次日，请了四位伙计，俱已到齐
何三,周瑞,亲属,干父子,"088,111",是,贾珍道：“周瑞的干儿子是谁？”门上的回道：“他叫何三，本来是个没味儿的，天天在家里喝酒闹事，常来门上坐着。
余信家的,师父,未分类,咕唧,007,否,他师父一来，余信家的就赶上来，和他师父咕唧了半日
佩凤,尤氏,未分类,带二妾,063,否,可喜尤氏又带了佩凤偕鸳二妾过来游顽。
佩凤,偕鸳,未分类,同打秋千,063,否,佩凤偕鸳两个去打秋千顽耍
佩凤,尤氏,亲属,侍妾,071,是,递与尤氏的侍妾佩凤
佳蕙,小红,亲属,姐妹称呼,026,是,忽听窗外问道：“姐姐在屋里没有？”红玉闻听，在窗眼内望外一看，原来是本院的个小丫头名叫佳蕙的，因答说：“在家里，你进来罢。”
佳蕙,贾宝玉,事件,吩咐送茶叶,026,否,佳蕙听了跑进来，就坐在床上，笑道：“我好造化！才刚在院子里洗东西，宝玉叫往林姑娘那里送茶叶，花大姐姐交给我送去。”
佳蕙,贾宝玉,主仆,主仆,031,是,小丫头佳蕙过来拾去破扇，大家乘凉，不消细说。
侍书,贾探春,主仆,主仆,007,是,探春的丫鬟侍书
侍书,贾探春,主仆,服侍,081,是,探春把竿一挑，往地下一撩，却活迸的。侍书在满地上乱抓，两手捧着，搁在小磁坛内清水养着。
侍书,雪雁,事件,告知,089,否,雪雁道：“我听见侍书说的，是个什么知府家，家资也好，人才也好。”
侍书,贾探春,事件,主仆/差遣,090,否,那侍书是探春打发来看黛玉的
侯孝康,侯晓明,亲属,祖孙,014,是,修国公侯晓明之孙世袭一等子侯孝康
保宁侯,保宁侯之子,亲属,父子,070,是,保宁侯之子
保宁侯之子,王子腾之女,亲属,夫妻（婚约）,070,是,偏生近日王子腾之女许与保宁侯之子为妻，择日于五月初十日过门
倪二,贾芸,未分类,紧邻,024,否,不是别人，却是紧邻倪二。
倪二,贾芸,未分类,街坊,024,否,你我作了这些年的街坊
倪二,贾芸,未分类,借银,024,否,我这里现有几两银子，你若用什么，只管拿去买办。
倪二,贾芸,未分类,还银,024,否,贾芸先找了倪二，将前银按数还他。
倪二,贾雨村,未分类,官民,104,否,雨村听了生气，叫人：‘打这金刚，瞧他是金刚不是！’
倪二,倪二女人,亲属,夫妻,104,是,他女人道：‘你喝了酒睡去罢！’
倪二,倪二女儿,亲属,父女,104,是,那夜果等倪二不见回家，他女儿便到各处赌场寻觅
倪二,贾芸,情感,相好,104,是,果然我父亲常说间壁贾二爷和他好
倪二,贾芸,未分类,帮助,104,否,头里他没有饭吃要到府内钻谋事办，亏我倪二爷帮了他。
倪二,小张,社会,相识,104,是,前年我在赌场里碰见了小张
倪二女人,倪二女儿,亲属,母女,104,是,赶着回来，即和母亲说了。娘儿两个去找贾芸。
偕鸳,尤氏,未分类,带二妾,063,否,可喜尤氏又带了佩凤偕鸳二妾过来游顽。
傅秋芳,傅试,亲属,兄妹,035,是,只因那宝玉闻得傅试有个妹子，名唤傅秋芳，也是个琼闺秀玉，常闻人传说才貌俱全，虽自未亲睹，然遐思遥爱之心十分诚敬
傅秋芳,贾宝玉,情感,爱慕,035,是,只因那宝玉闻得傅试有个妹子，名唤傅秋芳，也是个琼闺秀玉，常闻人传说才貌俱全，虽自未亲睹，然遐思遥爱之心十分诚敬，不命他们进来，恐薄了傅秋芳，因此连忙命让进来。
傅试,贾政,未分类,门生,035,否,那傅试原是贾政的门生，历年来都赖贾家的名势得意，贾政也着实看待，故与别个门生不同，他那里常遣人来走动。
傻大姐,贾母,主仆,房内小丫头,073,是,只见贾母房内的小丫头子名唤傻大姐的
傻大姐,傻大姐的娘,亲属,母女,074,是,老太太那边傻大姐的娘也可巧来送浆洗衣服。
傻大姐,珍珠,亲属,姐妹,096,是,就是珍珠姐姐。
傻大姐,贾母,主仆,主仆,096,是,黛玉听了，才知道他是贾母屋里的
僧,道人,未分类,同行,001,否,俄见一僧一道远远而来
僧,甄士隐,未分类,递玉,001,否,说着，取出递与士隐。
僧,甄士隐,未分类,夺玉,001,否,那僧便说已到幻境，便强从手中夺了去
僧,甄士隐,未分类,索要英莲,001,否,那僧还说：‘舍我罢，舍我罢！’
入画,贾惜春,主仆,主仆,"029,074",是,惜春的丫头入画、彩屏
入画,贾惜春,事件,打发,048,否,只见惜春打发了入画来请宝玉，宝玉方去了。
入画,贾宝玉,事件,请,048,否,只见惜春打发了入画来请宝玉，宝玉方去了。
入画,入画的哥哥,亲属,兄妹,074,是,这是珍大爷赏我哥哥的。
入画,入画的老子娘,未分类,父母,074,否,因我们老子娘都在南方，如今只跟着叔叔过日子。
入画,入画的叔叔,亲属,叔侄,074,是,如今只跟着叔叔过日子。
入画,入画的婶子,亲属,婶侄,074,是,我叔叔婶子只要吃酒赌钱
兴儿,贾琏,主仆,主仆,065,是,忽见贾琏的心腹小厮兴儿走来请贾琏说
兴儿,王熙凤,主仆,主仆,067,是,凤姐儿厉声道：“叫他！”那兴儿听见这个声音儿，早已没了主意了，只得乍着胆子进来。
兴儿,贾琏,主仆,跟随,067,是,求奶奶问兴儿，他是长跟二爷出门的。
冯唐,冯紫英,亲属,父子,026,是,宝玉便知是神武将军冯唐之子冯紫英来了。
冯渊,香菱,未分类,买作妾,004,否,他便一眼看上了这丫头，立意买来作妾
冯渊,薛蟠,冲突,打死,004,是,薛蟠见英莲生得不俗，立意买他，又遇冯家来夺人，因恃强喝令手下豪奴将冯渊打死。
冯紫英,贾珍,情感,相好,010,是,因为冯紫英我们好
冯紫英,张友士,未分类,师生,010,否,冯紫英因说起他有一个幼时从学的先生，姓张名友士
冯紫英,神武将军,亲属,父子,014,是,神武将军公子冯紫英
冯紫英,薛蟠,事件,询问,026,否,薛蟠见他面上有些青伤，便笑道：“这脸上又和谁挥拳的？挂了幌子了。”冯紫英笑道：“从那一遭把仇都尉的儿子打伤了，我就记了再不怄气，如何又挥拳？”
冯紫英,薛蟠,未分类,薛蟠久候,028,否,一径到了冯紫英家门口，有人报与了冯紫英，出来迎接进去。只见薛蟠早已在那里久候
冯紫英,贾宝玉,事件,请,028,否,宝玉出来，到外面，只见焙茗说道：‘冯大爷家请。’
冯紫英,薛蟠,未分类,解开,028,否,还是冯紫英出来才解开了。
冯紫英,贾政,未分类,世侄与世伯,092,否,小侄与老伯久不见面
冷子兴,贾雨村,社会,旧日相识,002,是,雨村忙看时，此人是都中在古董行中贸易的号冷子兴者，旧日在都相识。
冷子兴,周瑞家的,未分类,女婿,007,否,原来周瑞家的女婿便是雨村的好友冷子兴
冷子兴,贾雨村,社会,好友,007,是,原来周瑞家的女婿便是雨村的好友冷子兴
冷子兴,周瑞,亲属,亲戚,104,是,周瑞的亲戚冷子兴
净虚,智能儿,社会,师徒,015,是,净虚带领智善、智能两个徒弟出来迎接，大家见过。
净虚,智善,社会,师徒,015,是,净虚带领智善、智能两个徒弟出来迎接，大家见过。
凤姐之父,王夫人,亲属,兄妹,006,是,王夫人之大兄凤姐之父
凤姐之父,王熙凤,亲属,父女,006,是,王夫人之大兄凤姐之父
刘妈妈,巧姐,未分类,从学针黹,092,否,我也跟着刘妈妈学着做呢
刘姥姥,狗儿,亲属,女婿岳母,006,是,狗儿遂将岳母刘姥姥接来一处过活
刘姥姥,刘氏,亲属,母女,006,是,帮着女儿女婿过活起来
刘姥姥,王夫人,亲属,亲戚,006,是,皆因你是太太的亲威，又拿我当个人，投奔了我来
刘姥姥,周瑞家的,未分类,旧识,006,否,周瑞家的认了半日，方笑道：“刘姥姥，你好？你说么，这几年不见，我就忘了。请家里坐。”
刘姥姥,王熙凤,亲属,亲戚,006,是,论起亲戚来，原该不等上门就有照应才是
刘姥姥,周瑞家的,事件,送,007,否,周瑞家的送了刘姥姥去后
刘姥姥,贾母,亲属,亲家,"039,040",是,老亲家，你今年多大年纪了？
刘姥姥,贾母,未分类,与薛姨妈、王夫人劝不可多吃,041,否,贾母，薛姨妈，王夫人知道他上了年纪的人，禁不起，忙笑道：“说是说，笑是笑，不可多吃了，只吃这头一杯罢。”
刘姥姥,王熙凤,未分类,喂茄鲞,041,否,凤姐儿听说，依言搛些茄鲞送入刘姥姥口中
刘姥姥,贾母,未分类,带携散闷说与,041,否,贾母因要带着刘姥姥散闷，遂携了刘姥姥至山前树下盘桓了半晌，又说与他这是什么树，这是什么石，这是什么花。
刘姥姥,贾母,未分类,向贾母说,041,否,刘姥姥一一的领会，又向贾母道：“谁知城里不但人尊贵，连雀儿也是尊贵的。偏这雀儿到了你们这里，他也变俊了，也会说话了。”
刘姥姥,贾母,事件,送一坛子,041,否,贾母道：”家去我送你一坛子。你先趁热吃这个罢。”
刘姥姥,贾母,未分类,递茶,041,否,贾母便吃了半盏，便笑着递与刘姥姥说：“你尝尝这个茶。”
刘姥姥,鸳鸯,未分类,带逛,041,否,一时又见鸳鸯来了，要带着刘姥姥各处去逛
刘姥姥,袭人,未分类,推醒,041,否,只见刘姥姥扎手舞脚的仰卧在床上。袭人这一惊不小，慌忙赶上来将他没死活的推醒。
刘姥姥,袭人,事件,命坐教说,041,否,刘姥姥跟了袭人，出至小丫头们房中，命他坐了，向他说道：“你就说醉倒在山子石上打了个盹儿。”
刘姥姥,袭人,事件,告知宝二爷卧室,041,否,刘姥姥答应知道。又与他两碗茶吃，方觉酒醒了，因问道：“这是那个小姐的绣房，这样精致？我就象到了天宫里的一样。”袭人微微笑道：“这个么，是宝二爷的卧室。”
刘姥姥,袭人,未分类,带出,041,否,袭人带他从前面出去，见了众人，只说他在草地下睡着了，带了他来的。
刘姥姥,板儿,事件,带领,042,否,且说刘姥姥带着板儿，先来见凤姐儿
刘姥姥,大姐儿,未分类,起名,042,否,刘姥姥忙笑道：“这个正好，就叫他是巧哥儿。”
刘姥姥,平儿,事件,赠送,042,否,这两件袄儿和两条裙子，还有四块包头，一包绒线，可是我送姥姥的。
刘姥姥,王熙凤,事件,赠送,042,否,这都是我们奶奶的。
刘姥姥,王夫人,事件,赠送,042,否,这两包每包里头五十两，共是一百两，是太太给的叫你拿去或者作个小本买卖，或者置几亩地，以后再别求亲靠友的。
刘姥姥,鸳鸯,事件,赠送,042,否,鸳鸯道：“前儿我叫你洗澡，换的衣裳是我的，你不弃嫌，我还有几件，也送你罢。”
刘姥姥,贾宝玉,事件,赠送,042,否,只见一个小丫头拿了个成窑钟子来递与刘姥姥，“这是宝二爷给你的。”
刘姥姥,林黛玉,称谓,称呼,042,否,林黛玉忙笑道：“可是呢，都是他一句话。他是那一门子的姥姥，直叫他是个‘母蝗虫’就是了。”
刘姥姥,贾母,未分类,告辞,042,否,刘姥姥见无事，方上来和贾母告辞。
刘姥姥,贾母,事件,邀请,042,否,贾母说：“闲了再来。”
刘姥姥,贾母,事件,赠送,042,否,鸳鸯指炕上一个包袱说道：“这是老太太的几件衣服，都是往年间生日节下众人孝敬的，老太太从不穿人家做的，收着也可惜，却是一次也没穿过的。昨日叫我拿出两套儿送你带去，或是送人，或是自己家里穿罢，别见笑。”
刘姥姥,贾宝玉,未分类,辞谢,042,否,刘姥姥又要到园中辞谢宝玉和众姊妹王夫人等去。
刘姥姥,王夫人,未分类,辞谢,042,否,刘姥姥又要到园中辞谢宝玉和众姊妹王夫人等去。
刘姥姥,鸳鸯,未分类,替说,042,否,鸳鸯道：“不用去了。他们这会子也不见人，回来我替你说罢。闲了再来。”
刘姥姥,王熙凤,未分类,辞别,042,否,过来又千恩万谢的辞了凤姐儿
刘姥姥,贾母,未分类,住宿,042,否,过贾母这一边睡了一夜
刘姥姥,巧姐,未分类,干娘一样,113,否,你的名字还是他起的呢，就和干娘一样，你给他请个安。
刘姥姥,青儿,未分类,外祖母与外孙女,113,否,你外孙女儿也长的这么大了。
刘姥姥,巧姐,亲属,干母女,119,是,太太该叫他进来，他是姐儿的干妈，也得告诉告诉他。
刘姥姥,板儿,亲属,祖孙,119,是,赶忙回去告诉了他外祖母。
刘姥姥,周妈妈,未分类,说媒,119,否,刘姥姥知他心事，拉着他说：‘你的心事我知道了，我给你们做个媒罢。’
刘姥姥,王夫人,未分类,相见,120,否,刘姥姥见了王夫人等
刘氏,狗儿,亲属,夫妻,006,是,有子小名狗儿，娶妻刘氏
刘氏,板儿,亲属,母子,006,是,娶妻刘氏，生子小名板儿
刘氏,青儿,亲属,母女,006,是,又生一女，名唤青儿
包勇,甄士隐,未分类,奴子,093,否,所有奴子包勇，向曾使用，虽无奇技，人尚悫实。
包勇,贾政,事件,收留,093,否,贾政看完，笑道：“这里正因人多，甄家倒荐人来，又不好却的。”吩咐门上：“叫他见我。且留他住下，因材使用便了。”
包勇,贾政,主仆,主仆,107,是,贾政此时正怕风波，听得家人回禀，便一时生气，叫进包勇骂了几句，便派去看园
包勇,贾政,未分类,罚看荒园,108,否,却说贾政先前曾将房产并大观园奏请入官，内廷不收，又无人居住，只好封锁。因园子接连尤氏惜春住宅，太觉旷阔无人，遂将包勇罚看荒园。
包勇,贾琏,主仆,主仆,112,是,贾琏便说：“去叫来。”小厮们便将包勇带来。
北府水王爷,贾珍,事件,送礼,053,否,北府水王爷送了字联，荷包来了。
北静王,蒋玉菡,未分类,给汗巾子,028,否,昨日北静王给我的，今日才上身。
北静王,贾宝玉,事件,赠送,045,否,宝玉道：“这三样都是北静王送的。”
北静王,赵堂官,未分类,宣旨,105,否,只见北静王已到大厅，就向外站着，说：“有旨意，锦衣府赵全听宣。”
北静王,贾政,未分类,宣旨安慰,105,否,贾政跪了请安，不免含泪乞恩。北静王便起身拉着，说：“政老放心。”便将旨意说了。
北静王,西平王,未分类,同坐,105,否,西平王领了，好不喜欢，便与北静王坐下，着赵堂官提取贾赦回衙。
北静王,贾政,事件,传问,107,否,北静王道：“今日我们传你来，有遵旨问你的事。”贾政即忙跪下。
北静郡王,贾宝玉,未分类,仰慕,085,否,惟有宝玉素日仰慕北静王的容貌威仪，巴不得常见才好
北静郡王,贾宝玉,未分类,惦记,085,否,那北静郡王单拉着宝玉道：“我久不见你，很惦记你。”
十二个女孩子,林黛玉,未分类,知演习,023,否,林黛玉便知是那十二个女孩子演习戏文呢。
卜世仁,贾芸,亲属,舅甥,024,是,便一径往他母舅卜世仁家来。
卜世仁,贾芸,事件,求赊,024,否,有件事求舅舅帮衬帮衬。
卜世仁,贾芸,未分类,拒绝赊欠,024,否,卜世仁冷笑道：“再休提赊欠一事。
双寿,贾宝玉,主仆,小厮,028,是,只带着焙茗、锄药、双瑞、双寿四个小厮去了。
双瑞,贾宝玉,主仆,小厮,028,是,只带着焙茗、锄药、双瑞、双寿四个小厮去了。
史侯家的小姐,贾代善,亲属,夫妻,002,是,长子贾代善袭了官，娶的也是金陵世勋史侯家的小姐为妻
史湘云,贾宝玉,亲属,亲戚,020,是,因他自幼姊妹丛中长大，亲姊妹有元春、探春，伯叔的有迎春、惜春，亲戚中又有史湘云、林黛玉、薛宝钗等诸人。
史湘云,贾宝玉,未分类,称二哥哥,020,否,二哥哥，林姐姐，你们天天一处顽，我好容易来了，也不理我一理儿。
史湘云,林黛玉,亲属,称林姐姐,"020,038",是,二哥哥，林姐姐，你们天天一处顽，我好容易来了，也不理我一理儿。
史湘云,薛宝钗,亲属,称宝姐姐,"020,022,038",是,你敢挑宝姐姐的短处，就算你是好的。
史湘云,林黛玉,未分类,同宿,"021,076",否,湘云仍往黛玉房中安歇。
史湘云,林黛玉,亲属,姊妹,021,是,只见他姊妹两个尚卧在衾内。
史湘云,林黛玉,亲属,称林妹妹,022,是,倒象林妹妹的模样儿。
史湘云,贾宝玉,亲属,称好妹妹,022,是,好妹妹，你错怪了我。
史湘云,林黛玉,未分类,称云儿,022,否,再你为什么又和云儿使眼色？
史湘云,翠缕,主仆,主仆,"031,070",是,因回头说道：“你们不必跟着，只管瞧你们的朋友亲戚去，留下翠缕伏侍就是了。”众人听了，自去寻姑觅嫂，早剩下湘云翠缕两个人。
史湘云,周奶妈,未分类,奶妈与姑娘,031,否,宝钗笑向那周奶妈道：“周妈，你们姑娘还是那么淘气不淘气了？”周奶娘也笑了。
史湘云,贾宝玉,亲属,兄妹,031,是,宝玉笑道：“云妹妹来了。怎么前儿打发人接你去，怎么不来？”
史湘云,袭人,亲属,姐妹相称,031,是,史湘云问道：“袭人姐姐好？”
史湘云,鸳鸯,亲属,姐妹相称,031,是,说着，把四个戒指放下，说道：“袭人姐姐一个，鸳鸯姐姐一个，金钏儿姐姐一个，平儿姐姐一个：这倒是四个人的，难道小子们也记得这们清白？”
史湘云,金钏儿,亲属,姐妹相称,031,是,说着，把四个戒指放下，说道：“袭人姐姐一个，鸳鸯姐姐一个，金钏儿姐姐一个，平儿姐姐一个：这倒是四个人的，难道小子们也记得这们清白？”
史湘云,平儿,亲属,姐妹相称,031,是,说着，把四个戒指放下，说道：“袭人姐姐一个，鸳鸯姐姐一个，金钏儿姐姐一个，平儿姐姐一个：这倒是四个人的，难道小子们也记得这们清白？”
史湘云,袭人,情感,旧日相好,032,是,那会子咱们那么好。
史湘云,袭人,未分类,斟茶,032,否,袭人斟了茶来与史湘云吃
史湘云,袭人,事件,赠予,032,否,一面说，一面打开手帕子，将戒指递与袭人。
史湘云,薛宝钗,亲属,称姐姐,032,是,我天天在家里想着，这些姐姐们再没一个比宝姐姐好的。
史湘云,林黛玉,亲属,称姐姐,032,是,我只当是林姐姐给你的，原来是宝钗姐姐给了你。
史湘云,贾宝玉,未分类,称哥哥,032,否,好哥哥，你不必说话教我恶心。
史湘云,贾宝玉,未分类,劝诫,032,否,如今大了，你就不愿读书去考举人进士的，也该常常的会会这些为官做宰的人们，谈谈讲讲些仕途经济的学问，也好将来应酬世务，日后也有个朋友。
史湘云,袭人,未分类,代作针线,032,否,既这么说，我就替你做了罢。
史湘云,袭人,未分类,寻找,036,否,湘云便转身先到厢房里去找袭人。
史湘云,林黛玉,未分类,相约,036,否,不想林黛玉因遇见史湘云约他来与袭人道喜，二人来至院中
史湘云,薛宝钗,未分类,厚道相待,036,否,忽然想起宝钗素日待他厚道，便忙掩住口。
史湘云,贾宝玉,事件,嘱托,036,否,回身又叫宝玉到跟前，悄悄的嘱道：“便是老太太想不起我来，你时常提着打发人接我去。”宝玉连连答应了。
史湘云,贾宝玉,未分类,同社,037,否,这诗社里要少了他，还有个什么意思！
史湘云,李纨,未分类,同社,037,否,要好，就请入社；要不好，还要罚他一个东道儿再说。
史湘云,薛宝钗,亲属,姐妹,037,是,我要不把姐姐当亲姐姐待，上回那些家常烦难事，我也不肯尽情告诉你了。
史湘云,贾宝玉,称谓,称宝哥哥,038,否,回头又嘱咐湘云：“别让你宝哥哥林姐姐多吃了。”
史湘云,贾母,未分类,让吃酒,041,否,贾母笑道：“大家吃上两杯，今日着实有趣。”说着擎杯让薛姨妈，又向湘云宝钗道：“你姐妹两个也吃一杯。你妹妹虽不大会吃，也别饶他。”
史湘云,贾宝玉,未分类,扶起,042,否,原来是湘云伏在椅子背儿上，那椅子原不曾放稳，被他全身伏着背子大笑，他又不提防，两下里错了劲，向东一歪，连人带椅都歪倒了，幸有板壁挡住，不曾落地。众人一见，越发笑个不住。宝玉忙赶上去扶了起来
史湘云,贾母,未分类,留居,049,否,贾母因舍不得湘云，便留下他了
史湘云,薛宝钗,未分类,同住,049,否,史湘云执意不肯，只要与宝钗一处住
史湘云,香菱,事件,请教谈诗,049,否,那里禁得起香菱又请教他谈诗
史湘云,薛宝钗,称谓,称呼：云儿,052,否,宝钗道：“你且别念，等把云儿叫了来，也叫他听听。”
史湘云,袭人,主仆,伏侍/主仆,054,是,我想着，他从小儿伏侍了我一场，又伏侍了云儿一场，末后给了一个魔王宝玉
史湘云,薛姨妈,未分类,搂着,054,否,薛姨妈搂着湘云。
史湘云,贾迎春,亲属,称呼二姐姐,057,是,史湘云便动了气说：“等我问着二姐姐去！
史湘云,葵官,事件,送了,058,否,将大花面葵官送了湘云
史湘云,葵官,事件,所属,060,否,湘云的大花面葵官，宝琴的豆官，两个闻了此信
史湘云,葵官,未分类,改名,063,否,湘云将葵官改了，换作“大英”。
史湘云,葵官,未分类,改韦大英,063,否,因他姓韦，便叫他作韦大英
史湘云,薛宝钗,亲属,称呼（宝姐姐）,076,是,可恨宝姐姐，姊妹天天说亲道热
史湘云,林黛玉,事件,联句诗友,076,否,咱两个都爱五言，就还是五言排律罢。
史湘云,妙玉,未分类,听联诗,076,否,忽听见你两个联诗，更觉清雅异常，故此听住了。
史湘云,贾惜春,未分类,同处/论评画,082,否,且说探春湘云正在惜春那边论评惜春所画大观园图
史湘云,贾探春,未分类,同处/论评画,082,否,且说探春湘云正在惜春那边论评惜春所画大观园图
史湘云,林黛玉,未分类,探望,082,否,于是探春湘云扶了小丫头，都到潇湘馆来。进入房中，黛玉见他二人，不免又伤心起来。
史湘云,贾探春,亲属,姐妹,083,是,探春因嘱咐湘云道：“妹妹，回来见了老太太，别象刚才那样冒冒失失的了。”
史湘云,贾探春,亲属,以姐妹相称（称三姐姐）,087,是,湘云道：“三姐姐，你也别说。你可记得‘十里荷花，三秋桂子’？在南边，正是晚桂开的时候了。你只没有见过罢了，等你明日到南边去的时候，你自然也就知道了。”
史湘云,姑爷,亲属,夫妻,109,是,一时想起湘云，便打发人去瞧他。回来的人悄悄的找鸳鸯，因鸳鸯在老太太身旁，王夫人等都在那里，不便上去，到了后头找了琥珀，告诉他道：‘老太太想史姑娘，叫我们去打听。那里知道史姑娘哭得了不得，说是姑爷得了暴病，大夫都瞧了，说这病只怕不能好，若变了个痨病，还可捱过四五年。’
叶妈,茗烟,亲属,母子,056,是,怡红院有个老叶妈，他就是茗烟的娘。
叶妈,黄金莺,未分类,干娘与干女儿,056,否,前儿莺儿还认了叶妈做干娘，请吃饭吃酒，两家和厚的好的很呢。
叶妈,莺儿的娘,未分类,友好,056,否,怡红院有个老叶妈，他就是茗烟的娘。那是个诚实老人家，他又和我们莺儿的娘极好
司棋,贾迎春,主仆,主仆,"007,029,061,071,077",是,迎春的丫鬟司棋
司棋,莲花儿,亲属,称谓：姐姐,061,是,忽见迎春房里小丫头莲花儿走来说：“司棋姐姐说了，要碗鸡蛋，炖的嫩嫩的。”
司棋,莲花儿,未分类,催,061,否,司棋又打发人来催莲花儿，说他：“死在这里了，怎么就不回去？”
司棋,秦显的女人,亲属,婶娘/侄女,061,是,玉钏儿道：“是了。姐姐，你怎么忘了？他是跟二姑娘的司棋的婶娘。司棋的父母虽是大老爷那边的人，他这叔叔却是咱们这边的。”
司棋,鸳鸯,未分类,亲厚,071,否,且素日鸳鸯又和自己亲厚不比别人
司棋,姑表兄弟,亲属,姑表兄弟,072,是,原来那司棋因从小儿和他姑表兄弟在一处顽笑起住时，小儿戏言，便都订下将来不娶不嫁。
司棋,鸳鸯,亲属,姐姐,072,是,我的姐姐，咱们从小儿耳鬓厮磨，你不曾拿我当外人待，我也不敢待慢了你。
司棋,贾迎春,未分类,司棋收着金凤,073,否,姑娘不信，只说司棋收着呢。
司棋,王善保家的,未分类,外祖母外孙女,074,否,这王家的一心只要拿人的错儿，不想反拿住了他外孙女儿，又气又臊。
司棋,潘又安,亲属,表姐弟,074,是,司棋的姑妈给了潘家，所以他姑表兄弟姓潘。上次逃走了的潘又安就是他表弟。
司棋,司棋的母亲,亲属,母女,092,是,你是我的女儿
司棋,司棋的表兄,亲属,表兄妹,092,是,自从司棋出去，终日啼哭。忽然那一日他表兄来了
司棋的母亲,司棋的表兄,亲属,外甥与姨母,092,是,他外甥道：“大凡女人都是水性杨花
同喜,薛姨妈,主仆,主仆,029,是,薛姨妈的丫头同喜、同贵
同喜,薛姨妈,事件,差遣,067,否,这里薛姨妈将箱子里的东西取出，一分一分的打点清楚，叫同喜送给贾母并王夫人等处不提。
同贵,薛姨妈,主仆,主仆,029,是,薛姨妈的丫头同喜、同贵
吴大人,贾政,情感,相好,085,是,这吴大人本来咱们相好，也是我辈中人，还倒是有骨气的。
吴新登的媳妇,贾探春,事件,回话,055,否,李纨与探春早已梳洗，伺候出门去后，回至厅上坐了。刚吃茶时，只见吴新登的媳妇进来回说
吴新登的媳妇,李纨,事件,回话,055,否,李纨与探春早已梳洗，伺候出门去后，回至厅上坐了。刚吃茶时，只见吴新登的媳妇进来回说
吴良,薛蟠,未分类,同饮酒,086,否,知县便叫吴良问道：“你是同在一处喝酒的么？薛蟠怎么打的，据实供来。”
吴良,薛蟠,未分类,同饮,099,否,薛蟠令店主备酒邀请太平县民吴良同饮
吴贵,晴雯,亲属,表兄妹,102,是,却说晴雯的表兄吴贵正住在园门口
周大爷,王成,未分类,旧交,006,否,这周大爷先时和我父亲交过一桩事，我们本极好的。
周太监,贾琏,未分类,借银,072,否,昨儿周太监来，张口一千两。我略应慢了些，他就不自在。
周姨娘,王夫人,事件,询问月例,036,否,王夫人问道：“正要问你，如今赵姨娘周姨娘的月例多少？”
周姨娘,王熙凤,未分类,月例发放,036,否,王夫人问道：“正要问你，如今赵姨娘周姨娘的月例多少？”凤姐道：“那是定例，每人二两。赵姨娘有环兄弟的二两，共是四两，另外四串钱。”
周姨娘,薛宝钗,未分类,托付照应,112,否,宝钗本是仁厚的人，虽想着他害宝玉的事，心里究竟过不去，背地里托了周姨娘在这里照应。
周姨娘,赵姨娘,事件,照看,112,否,周姨娘打谅他还哭，便去拉他。
周氏,贾芹,亲属,母子,023,是,后街上住的贾芹之母周氏
周氏,王熙凤,事件,求,023,否,便坐轿子来求凤姐
周氏,王熙凤,事件,告诉,023,否,凤姐即命人去告诉了周氏。
周琼,贾政,未分类,世弟,099,否,世弟周琼顿首。
周琼,贾政,社会,同乡相好,099,是,旧年因见他就了京职，又是同乡的人，素来相好
周琼,贾政,未分类,许结朱陈,099,否,仰蒙雅爱，许结朱陈，至今佩德勿谖。
周瑞,贾珍,主仆,主仆,088,是,便叫周瑞：“照帐点清，送往里头交代。等我把来帐抄下一个底子，留着好对。”
周瑞,贾琏,主仆,主仆,088,是,贾琏便向周瑞道：“你们前头的话也不要紧，大爷说开了，很是了。为什么外头又打架！你们打架已经使不得，又弄个野杂种什么何三来闹，你不压伏压伏他们，倒竟走了。”
周瑞,贾琏,事件,传唤,093,否,快叫周瑞。”周瑞不在家。
周瑞,贾政,主仆,主仆,112,是,贾政听了大怒道：“家奴负恩，引贼偷窃家主，真是反了！”立刻叫人到城外将周瑞捆了，送到衙门审问。
周瑞,林之孝,未分类,供出,112,否,次日，林之孝一早进书房跪着，贾政将前后被盗的事问了一遍。并将周瑞供了出来，又说：“衙门拿住了鲍二，身边搜出了失单上的东西。现在夹讯，要在他身上要这一伙贼呢。”
周瑞,周瑞的干儿子,亲属,干父子,112,是,若说是周瑞的干儿子，连太太起，里里外外的都不干净。
周瑞媳妇,王熙凤,未分类,抱住夺刀,025,否,只见凤姐手持一把明晃晃钢刀砍进园来，见鸡杀鸡，见狗杀狗，见人就要杀人。众人越发慌了。周瑞媳妇忙带着几个有力量的胆壮的婆娘上去抱住，夺下刀来，抬回房去。
周瑞家的,王夫人,未分类,陪房,"006,071",否,他是太太的陪房。
周瑞家的,王夫人,事件,回话,007,否,便上来回王夫人话
周瑞家的,薛宝钗,事件,问答,007,否,周瑞家的因问道：‘不知是什么方儿？’
周瑞家的,薛姨妈,未分类,托带东西,007,否,薛姨妈忽又笑道：‘你且站住。我有一件东西，你带了去罢。’
周瑞家的,金钏儿,事件,问答,007,否,周瑞家的问道：‘那香菱小丫头子可就是时常说的，临上京时买的、为他打人命官司的那个小丫头吗？’金钏儿道：‘可不就是他。’
周瑞家的,香菱,事件,问话,007,否,周瑞家的又问香菱：‘你几岁投身到这里？’
周瑞家的,贾迎春,事件,送花,007,否,只见迎春、探春二人正在窗下围棋。周瑞家的将花送上，说明原故。
周瑞家的,贾探春,事件,送花,007,否,只见迎春、探春二人正在窗下围棋。周瑞家的将花送上，说明原故。
周瑞家的,贾惜春,事件,送花,007,否,周瑞家的将花匣打开，说明原故，惜春笑道
周瑞家的,智能儿,事件,问话,007,否,周瑞家的因问智能儿：‘你是什么时候来的？你师父那秃歪剌那里去了？’
周瑞家的,林黛玉,事件,送花,007,否,周瑞家的进来，笑道：‘林姑娘，姨太太叫我送花儿来了。’
周瑞家的,王熙凤,未分类,通传,024,否,忽见周瑞家的从门里出来叫小厮们：“先别扫，奶奶出来了。”
周瑞家的,王熙凤,事件,央求,045,否,周瑞家的忙跪下央求。
周瑞家的,赖嬷嬷,未分类,磕头,045,否,周瑞家的磕头起来，又要与赖嬷嬷磕头，赖大家的拉着方罢。
周瑞家的,王熙凤,主仆,主仆,"051,083,101,110",是,凤姐儿答应了，回至房中，便命周瑞家的去告诉袭人原故。
周瑞家的,王夫人,主仆,主仆,"077,103",是,王夫人出来交与周瑞家的拿去令小厮送与医生家去，又命将那几包不能辨得的药也带了去，命医生认了，各包记号了来。
周瑞家的,贾琏,事件,回话,083,否,只见周瑞家的走来回了几件没要紧的事，贾琏听到一半，便说道：“你回二奶奶罢，我还有事呢。”
周瑞家的,金桂的母亲,未分类,劝说,103,否,周瑞家的知道必是金桂的母亲，便走上来说：“这位是亲家太太么？大奶奶自己服毒死的，与我们姨太太什么相干，也不犯这么遭塌呀。”
周瑞家的,鲍二,冲突,打架,112,是,我记得珍大爷那一年要打的可不是周瑞家的么。”林之孝回说：“他和鲍二打架来着，还见过的呢。”
周瑞家的,贾珍,未分类,欲责打,112,否,我记得珍大爷那一年要打的可不是周瑞家的么。
善姐,尤二姐,事件,主仆（丫头使唤）,068,否,那尤二姐得了这个所在，又见园中姊妹各各相好，倒也安心乐业的自为得其所矣。谁知三日之后，丫头善姐便有些不服使唤起来。
喜鸾,贾王扁之母,亲属,母女,071,是,因贾王扁之母也带了女儿喜鸾
喜鸾,贾母,未分类,钟爱,117,否,只有喜鸾四姐儿是贾母旧日钟爱的
四儿,贾宝玉,未分类,笼络,021,否,谁知四儿是个聪敏乖巧不过的丫头，见宝玉用他，他变尽方法笼络宝玉。
四儿,贾宝玉,事件,同生日,077,否,老嬷嬷指道：“这一个蕙香，又叫作四儿的，是同宝玉一日生日的。”
四儿,王夫人,主仆,主仆,077,是,这个四儿见王夫人说着他素日和宝玉的私语，不禁红了脸，低头垂泪。王夫人即命也快把他家的人叫来，领出去配人。
四姐儿,贾琼之母,亲属,母女,071,是,贾琼之母也带了女儿四姐儿
四姐儿,贾母,未分类,钟爱,117,否,只有喜鸾四姐儿是贾母旧日钟爱的
圆心,蕊官,社会,师徒,077,是,从此芳官跟了水月庵的智通，蕊官藕官二人跟了地藏庵的圆心，各自出家去了。
圆心,藕官,社会,师徒,077,是,从此芳官跟了水月庵的智通，蕊官藕官二人跟了地藏庵的圆心，各自出家去了。
坠儿,小红,亲属,姐妹称呼,026,是,一时，只见一个小丫头子跑来，见红玉站在那里，便问道：”林姐姐，你在这里作什么呢？”红玉抬头见是小丫头子坠儿。
坠儿,贾芸,未分类,领引,026,否,坠儿道：“叫我带进芸二爷来。”说着一径跑了。这里红玉刚走至蜂腰桥门前，只见那边坠儿引着贾芸来了。
坠儿,贾宝玉,事件,命小丫头,026,否,宝玉也不甚留，只说：“你明儿闲了，只管来。”仍命小丫头子坠儿送他出去。
坠儿,小红,事件,送手帕,026,否,坠儿满口里答应了，接了手帕子，送出贾芸，回来找红玉，不在话下。
坠儿,贾芸,未分类,说话,026,否,出了怡红院，贾芸见四顾无人，便把脚慢慢停着些走，口里一长一短和坠儿说话
坠儿,贾宝玉,主仆,主仆,052,是,宝二爷当面使他，他拨嘴儿不动
坠儿,袭人,主仆,主仆,052,是,连袭人使他，他背后骂他。
坠儿,晴雯,事件,打发,052,否,今儿务必打发他出去，明儿宝二爷亲自回太太就是了。
坠儿,宋妈妈,冲突,指认偷窃,052,是,你们这里的宋妈妈去了，拿着这支镯子，说是小丫头子坠儿偷起来的，被他看见，来回二奶奶的。
坠儿,晴雯,未分类,磕头,052,否,坠儿听了，只得翻身进来，给他两个磕了两个头，又找秋纹等。
墨雨,贾宝玉,主仆,主仆,009,是,宝玉还有三个小厮：一名锄药，一名扫红，一名墨雨。
夏三,夏金桂,亲属,姐弟（过继）,091,是,金桂道：‘太太请里头坐。没有外人，他就是我的过继兄弟，本住在屯里，不惯见人，因没有见过太太。今儿才来，还没去请太太的安。’
夏太府,小太监,事件,打发,072,否,夏太府打发了一个小内监来说话。
夏太府,王熙凤,未分类,借银,072,否,夏爷爷因今儿偶见一所房子，如今竟短二百两银子，打发我来问舅奶奶家里，有现成的银子暂借一二百，过一两日就送过来
夏太监,贾元春,事件,打发,028,否,昨儿贵妃打发夏太监出来，送了一百二十两银子，叫在清虚观初一到初三打三天平安醮，唱戏献供，叫珍大爷领着众位爷们跪香拜佛呢。
夏婆子,藕官,未分类,干娘,060,否,顶头正遇见藕官的干娘夏婆子走来。
夏婆子,蝉姐儿,亲属,外孙女儿,060,是,谁知夏婆子的外孙女儿蝉姐儿便是探春处当役的
夏婆子,赵姨娘,未分类,帮衬,060,否,夏婆子便将前事一一的说了，又说：“你只管说去。倘或闹起，还有我们帮着你呢。”
夏守忠,贾政,未分类,传旨,016,否,早见六宫都太监夏守忠乘马而至，前后左右又有许多内监跟从。那夏守忠也并不曾负诏捧敕，至檐前下马，满面笑容，走至厅上，南面而立，口内说：‘特旨：立刻宣贾政入朝，在临敬殿陛见。’
夏守忠,贾元春,事件,命下谕,023,否,遂命太监夏守忠到荣国府来下一道谕
夏家的儿子,金桂的母亲,亲属,母子,103,是,夏家的儿子便跑进来不依道：“你仗着府里的势头儿来打我母亲么！”
夏家的儿子,贾琏,未分类,吓住,103,否,贾琏在外也将他儿子吓住
夏金桂,薛蟠,亲属,夫妻,"079,080,084,091,100",是,薛蟠本是个怜新弃旧的人，且是有酒胆无饭力的，如今得了这样一个妻子，正在新鲜兴头上，凡事未免尽让他些。那夏金桂见了这般形景，便也试着一步紧似一步。
夏金桂,薛姨妈,亲属,婆媳,"079,080,100,103",是,那金桂见丈夫旗纛渐倒，婆婆良善，也就渐渐的持戈试马起来。先时不过挟制薛蟠，后来倚娇作媚，将及薛姨妈，又将至薛宝钗。
夏金桂,香菱,未分类,妻妾,079,否,又见有香菱这等一个才貌俱全的爱妾在室，越发添了“宋太祖灭南唐”之意，“卧榻之侧岂容他人酣睡”之心。
夏金桂,宝蟾,主仆,主仆,"080,083,100,103",是,金桂的丫鬟名唤宝蟾者
夏金桂,薛宝钗,亲属,姑嫂,"080,100",是,哥哥嫂子嫌他不好，留下我使唤
夏金桂,小舍儿,主仆,主仆,080,是,原来这小丫头也是金桂从小儿在家使唤的
夏金桂,薛宝钗,亲属,嫂子/小姑,083,是,大嫂子，妈妈因听见闹得慌，才过来的。
夏金桂,薛蟠,未分类,拌嘴,083,否,薛家夏金桂赶了薛蟠出去，日间拌嘴没有对头，秋菱又住在宝钗那边去了，只剩得宝蟾一人同住。
夏金桂,薛宝钗,未分类,不和,084,否,这如今媳妇子专和宝丫头怄气。
夏金桂,薛蝌,未分类,叔嫂,"090,100",否,再者，自己叔嫂，也不必拘这些个礼。
夏金桂,宝蟾,事件,主仆/差遣,090,否,这是四碟果子，一小壶儿酒，大奶奶叫给二爷送来的。
夏金桂,薛姨妈,亲属,婆媳（称婆婆）,091,是,薛姨妈自去了。金桂见婆婆去了，便向夏三道
夏金桂,薛蝌,未分类,叔嫂（称小叔子）,091,否,他是个小叔子，又没娶媳妇儿，奶奶就多尽点心儿和他贴个好儿，别人也说不出什么来。
夏金桂,宝蟾,主仆,主仆（称奶奶）,091,是,我是跟奶奶的，还有两个心么。
夏金桂,香菱,冲突,仇恨,100,是,这里金桂早已连吓带气，呆呆的瞅着薛蝌去了。怔了半天，恨了一声，自己扫兴归房，从此把香菱恨入骨髓。
夏金桂,贾琏,未分类,弟妇,103,否,我婶子知道弟妇死了
夏金桂,香菱,未分类,作伴,103,否,有一天不知怎么样来要香菱去作伴
夏金桂,香菱,未分类,恨,103,否,说到那里，便恨香菱。
夏金桂,薛蝌,未分类,想念,103,否,况兼天天心里想念薛蝌
夏金桂,金桂的母亲,亲属,母女,103,是,金桂的母亲听见了，更哭喊起来，说：“好端端的女孩儿在他家，为什么服了毒呢！”
多姑娘儿,多浑虫,亲属,夫妻,021,是,因他自小父母替他在外娶了一个媳妇，今年方二十来往年纪，生得有几分人才，见者无不羡爱。他生性轻浮，最喜拈花惹草，多浑虫又不理论，只是有酒有肉有钱，便诸事不管了，所以荣宁二府之人都得入手。因这个媳妇美貌异常，轻浮无比，众人都呼他作“多姑娘儿.. ”。
多姑娘儿,贾琏,未分类,相契,021,否,一时事毕，两个又海誓山盟，难分难舍，此后遂成相契。
多浑虫,灯姑娘,亲属,夫妻,077,是,若问他夫妻姓甚名谁，便是上回贾琏所接见的多浑虫灯姑娘儿的便是了。
多浑虫,晴雯,亲属,姑舅兄妹,077,是,赖家的见晴雯虽到贾母跟前，千伶百俐，嘴尖性大，却倒还不忘旧，故又将他姑舅哥哥收买进来，把家里一个女孩子配了他。成了房后，谁知他姑舅哥哥一朝身安泰，就忘却当年流落时，任意吃死酒，家小也不顾。偏又娶了个多情美色之妻，见他不顾身命，不知风月，一味死吃酒，便不免有蒹葭倚玉之叹，红颜寂寞之悲。又见他器量宽宏，并无嫉衾妒枕之意，这媳妇遂恣情纵欲，满宅内便延揽英雄，收纳材俊，上上下下竟有一半是他考试过的。若问他夫妻姓甚名谁，便是上回贾琏所接见的多浑虫灯姑娘儿的便是了。
大了,王熙凤,事件,求签者与姑子,101,否,凤姐道：“既这么，我明儿去试试。你庙里可有签？我去求一签，我心里的事签上批的出？批的出来我从此就信了。”大了道：“我们的签最是灵的，明儿奶奶去求一签就知道了。”
大哥哥,薛宝钗,亲属,兄妹,109,是,薛姨妈道：‘你哥哥是今年过了，直要等到皇恩大赦的时候减了等才好赎罪。这几年叫我孤苦伶仃怎么处！我想要与你二哥哥完婚，你想想好不好？’
大姐,王熙凤,亲属,母女,021,是,谁知凤姐之女大姐病了，正乱着请大夫来诊脉。
大姐,贾琏,亲属,父女,021,是,你家女儿出花儿，供着娘娘，你也该忌两日，倒为我脏了身子。
大姐儿,奶子,未分类,抱,"041,042",否,忽见奶子抱了大姐儿来，大家哄他顽了一会。
大姐儿,板儿,未分类,交换柚子佛手,041,否,那大姐儿因抱着一个大柚子玩的，忽见板儿抱着一个佛手，便也要佛手。丫鬟哄他取去，大姐儿等不得，便哭了。众人忙把柚子与了板儿，将板儿的佛手哄过来与他才罢。
大姐儿,王熙凤,亲属,母女,042,是,凤姐儿笑道：“你别喜欢。都是为你，老太太也被风吹病了，睡着说不好过，我们大姐儿也着了凉，在那里发热呢。”
大姐儿,王太医,未分类,诊脉,042,否,王太医听说忙起身，就奶子怀中，左手托着大姐儿的手，右手诊了一诊，又摸了一摸头，又叫伸出舌头来瞧瞧
大姐儿,李妈,事件,照看,101,否,只听那边大姐儿哭了。凤姐又将眼睁开，平儿连向那边叫道：“李妈，你到底是怎么着？姐儿哭了。你到底拍着他些。你也忒好睡了。”
天子,贾敬,未分类,追赐五品之职,063,否,贾敬虽白衣无功于国，念彼祖父之功，追赐五品之职。
女尼,妙玉,主仆,伏侍（女尼伏侍妙玉）,087,是,那女尼原是自南边带来的，伏侍妙玉自然比别人尽心
女尼,妙玉,主仆,跟随,112,是,只言栊翠庵一个跟妙玉的女尼
女尼女道,贾芹,未分类,照管,093,否,一向都是芹儿在那里照管。
女尼女道,赖大,事件,押送,093,否,众女孩子只得一齐上车，赖大骑着大走骡押着赶进城。
奶母,贾惜春,未分类,奶母,040,否,惜春离了坐位，拉着他奶母叫揉一揉肠子。
妙玉,王夫人,事件,下帖子请,017,否,王夫人笑道：“他既是官宦小姐，自然骄傲些，就下个帖子请他何妨。”
妙玉,林之孝家的,事件,请,017,否,林之孝家的答应了出去，命书启相公写请帖去请妙玉。
妙玉,师父,社会,随师父,017,是,去岁随了师父上来，现在西门外牟尼院住着。他师父极精演先天神数，于去冬圆寂了。
妙玉,贾母,未分类,接进,041,否,当下贾母等吃过茶，又带了刘姥姥至栊翠庵来。妙玉忙接了进去。
妙玉,贾母,未分类,捧茶,041,否,只见妙玉亲自捧了一个海棠花式雕漆填金云龙献寿的小茶盘，里面放一个成窑五彩小盖钟，捧与贾母。
妙玉,薛宝钗,未分类,拉衣襟随出,041,否,那妙玉便把宝钗和黛玉的衣襟一拉，二人随他出去，宝玉悄悄的随后跟了来。
妙玉,林黛玉,未分类,拉衣襟随出,041,否,那妙玉便把宝钗和黛玉的衣襟一拉，二人随他出去，宝玉悄悄的随后跟了来。
妙玉,薛宝钗,未分类,斟茶递与,041,否,妙玉便斟了一..，递与宝钗。
妙玉,林黛玉,未分类,斟茶与,041,否,妙玉斟了一乔与黛玉。
妙玉,贾宝玉,未分类,斟茶与,041,否,仍将前番自己常日吃茶的那只绿玉斗来斟与宝玉。
妙玉,贾宝玉,未分类,陪笑说,041,否,宝玉和妙玉陪笑道：“那茶杯虽然脏了，白撂了岂不可惜？依我说，不如就给那贫婆子罢，他卖了也可以度日。你道可使得。”
妙玉,贾宝玉,未分类,递杯,041,否,妙玉便命人拿来递与宝玉。
妙玉,邢岫烟,社会,邻居,063,是,我和他做过十年的邻居，只一墙之隔。
妙玉,邢岫烟,社会,贫贱之交,063,是,我和他又是贫贱之交，又有半师之分。
妙玉,邢岫烟,未分类,半师之分,063,否,我和他又是贫贱之交，又有半师之分。
妙玉,贾宝玉,未分类,投帖,063,否,槛外人妙玉恭肃遥叩芳辰。
妙玉,贾宝玉,未分类,回帖,063,否,宝玉回房写了帖子，上面只写“槛内人宝玉熏沐谨拜”几字，亲自拿了到栊翠庵，只隔门缝儿投进去便回来了。
妙玉,林黛玉,未分类,听联诗,076,否,忽听见你两个联诗，更觉清雅异常，故此听住了。
妙玉,林黛玉,事件,请教,076,否,黛玉见他今日十分高兴，便笑道：“从来没见你这样高兴。我也不敢唐突请教，这还可以见教否？”
妙玉,贾惜春,未分类,对弈,087,否,只见妙玉低着头问惜春道：“你这个‘畸角儿’不要了么？”惜春道：“怎么不要。你那里头都是死子儿，我怕什么。”
妙玉,邢岫烟,未分类,来往,095,否,我与姑娘来往，为的是姑娘不是势利场中的人。
妙玉,邢岫烟,社会,旧相识,109,是,岫烟是妙玉的旧相识，先走出去接他。
妙玉,贾惜春,未分类,探望下棋守夜,112,否,惜春便将妙玉来瞧他留着下棋守夜的话说了。
妙玉,那个人,未分类,劫持轻薄,112,否,那知那个人把刀插在背后，腾出手来将妙玉轻轻的抱起，轻薄了一会子，便拖起背在身上。
妙玉,贾宝玉,未分类,见宝玉眉开眼笑,117,否,他一日家捏酸，见了宝玉就眉开眼笑了。
妙玉,贾环,未分类,不拿正眼瞧,117,否,我若见了他，他从不拿正眼瞧我一瞧。
姑太太,林黛玉,亲属,母女,065,是,一个是咱们姑太太的女儿，姓林，小名儿叫什么黛玉
娄氏,贾菌,亲属,母子,053,是,女客来者只不过贾菌之母娄氏带了贾菌来了
娇杏,贾雨村,未分类,见,001,否,那甄家丫鬟撷了花，方欲走时，猛抬头见窗内有人
娇杏,贾雨村,社会,视为知己,001,是,雨村见他回了头，便自为这女子心中有意于他，便狂喜不尽，自为此女子必是个巨眼英雄，风尘中之知己也。
娇杏,贾雨村,亲属,夫妻,002,是,却说娇杏这丫鬟，便是那年回顾雨村者。因偶然一顾，便弄出这段事来，亦是自己意料不到之奇缘。谁想他命运两济，不承望自到雨村身边，只一年便生了一子，又半载，雨村嫡妻忽染疾下世，雨村便将他扶侧作正室夫人了。
娇红,贾赦,主仆,主仆,070,是,这是大老爷那院里娇红姑娘放的
嫣红,贾赦,未分类,收在屋内,047,否,贾赦无法，又含愧，自此便告病，且不敢见贾母，只打发邢夫人及贾琏每日过去请安。只得又各处遣人购求寻觅，终久费了八百两银子买了一个十七岁的女孩子来，名唤嫣红，收在屋内。
孙姑爷,贾迎春,亲属,夫妻,"081,109",是,况且你二姐姐是新媳妇，孙姑爷也还是年轻的人，各人有各人的脾气，新来乍到，自然要有些扭别的。
孙子,赖嬷嬷,亲属,祖孙,045,是,我孙子在门上朝上磕了头了。
孙绍祖,贾迎春,未分类,婚约,079,否,原来贾赦已将迎春许与孙家了。这孙家乃是大同府人氏，祖上系军官出身，乃当日宁荣府中之门生，算来亦系世交。如今孙家只有一人在京，现袭指挥之职，此人名唤孙绍祖，生得相貌魁梧，体格健壮，弓马娴熟，应酬权变，年纪未满三十，且又家资饶富，现在兵部候缺题升。因未有室，贾赦见是世交之孙，且人品家当都相称合，遂青目择为东床娇婿。
孙绍祖,贾赦,亲属,岳婿,079,是,如今孙家只有一人在京，现袭指挥之职，此人名唤孙绍祖，生得相貌魁梧，体格健壮，弓马娴熟，应酬权变，年纪未满三十，且又家资饶富，现在兵部候缺题升。因未有室，贾赦见是世交之孙，且人品家当都相称合，遂青目择为东床娇婿。
孙绍祖,贾迎春,亲属,夫妻,080,是,你别和我充夫人娘子，你老子使了我五千银子，把你准折买给我的。
孙绍祖,贾政,亲属,亲戚,106,是,贾政心内忧闷，只说：“知道了。”众人都冷笑道：“人说令亲孙绍祖混帐，真有些。
宁国公,荣国公,亲属,兄弟,002,是,当日宁国公与荣国公是一母同胞弟兄两个。
宁荣二公之灵,警幻,未分类,受托（宁荣二公嘱警幻）,005,否,今日原欲往荣府去接绛珠，适从宁府经过，偶遇宁荣二公之灵，嘱吾云
宁荣二公之灵,贾宝玉,亲属,祖孙（嫡孙）,005,是,惟嫡孙宝玉一人，禀性乖张，用情怪谲
守备,守备的公子,亲属,父子,015,是,不想金哥已受了原任长安守备的公子的聘定。
守备的公子,金哥,未分类,聘定,015,否,不想金哥已受了原任长安守备的公子的聘定。
宋妈妈,袭人,事件,差遣,037,否,袭人打点齐备东西，叫过本处的一个老宋妈妈来，向他说道：“你去好生梳洗了，换了出门的衣裳来，回来打发你给史大姑娘送东西去。”
宋妈妈,晴雯,事件,吩咐,052,否,晴雯便命人叫宋嬷嬷进来，说道：“宝二爷才告诉了我，叫我告诉你们，坠儿很懒，宝二爷当面使他，他拨嘴儿不动，连袭人使他，他背后骂他。今儿务必打发他出去，明儿宝二爷亲自回太太就是了。”
定城侯,谢鲸,亲属,祖孙,014,是,定城侯之孙世袭二等男兼京营游击谢鲸
宝官,袭人,未分类,玩笑,030,否,可巧小生宝官，正旦玉官等两个女孩子，正在怡红院和袭人玩笑，被大雨阻住。
宝官,贾宝玉,未分类,让坐,036,否,只见宝官玉官都在院内，见宝玉来了，都笑嘻嘻的让坐。
宝玉的奶母,李贵,亲属,母子,009,是,认得是宝玉的奶母之子，名唤李贵。
宝珠,秦可卿,未分类,义女,013,否,小丫鬟名宝珠者，因见秦氏身无所出，乃甘心愿为义女，誓任摔丧驾灵之任。
宝珠,贾珍,未分类,称小姐,013,否,贾珍喜之不尽，即时传下，从此皆呼宝珠为小姐。
宝蟾,薛蟠,未分类,妾,"080,083",否,今夜令薛蟠和宝蟾在香菱房中去成亲
宝蟾,薛蟠,未分类,屋里人,090,否,然而到底是哥哥的屋里人，也不好。
宝蟾,薛蝌,主仆,主仆,100,是,只听宝蟾外面说道：“二爷今日高兴呵，那里喝了酒来了？”
宝蟾,香菱,未分类,指控,103,否,宝蟾便哭着来揪香菱，说他把药药死了奶奶了。
宝蟾,香菱,未分类,换汤,103,否,我眼错不见就把香菱这碗汤换了过来。
宝蟾,薛姨妈,未分类,交给,103,否,只得硬着心肠叫老婆子们把香菱捆了，交给宝蟾
宝蟾,薛宝钗,未分类,放开,103,否,宝钗听出这个话头儿来了，便叫人反倒放开了宝蟾，说：“你原是个爽快人，何苦白冤在里头。你有话索性说了，大家明白，岂不完了事了呢。”
察院,张华,未分类,官民,069,否,察院便批：“张华所欠贾宅之银，令其限内按数交还，其所定之亲，仍令其有力时娶回。”
封氏,甄士隐,亲属,夫妻,001,是,庙旁住着一家乡宦，姓甄，名费，字士隐。嫡妻封氏
封氏,香菱,亲属,母女,001,是,夫妻二人，半世只生此女，一旦失落，岂不思想
封氏,封肃,亲属,父女,001,是,封氏闻得此信，哭个死去活来，只得与父亲商议
封肃,甄士隐,亲属,岳婿,001,是,他岳丈名唤封肃
小燕,柳五儿,亲属,称谓：姐姐,061,是,小燕悄笑道：“姐姐太性急了，横竖等十来日就来了，只管找他做什么。
小燕,柳五儿,事件,转交,061,否,五儿便将茯苓霜递与了小燕，又说这是茯苓霜，如何吃，如何补益，“我得了些送他的，转烦你递与他就是了。”
小燕,晴雯,亲属,称谓：姐姐,061,是,前儿小燕来，说‘晴雯姐姐要吃芦蒿’
小燕,芳官,事件,照看,062,否,以后芳官全要你照看他
小燕,柳家的,事件,告诉,063,否,我才告诉了柳嫂子，他倒喜欢的很。
小红,贾宝玉,未分类,屋里人,024,否,宝玉看了，便笑问道：“你也是我这屋里的人么？”那丫头道：“是的。”
小红,贾宝玉,未分类,现弄,024,否,这红玉虽然是个不谙事的丫头，却因他有三分容貌，心内着实妄想痴心的往上攀高，每每的要在宝玉面前现弄现弄。
小红,秋纹,冲突,骂,024,是,秋纹听了，兜脸啐了一口，骂道：“没脸的下流东西！正经叫你去催水去，你说有事故，倒叫我们去，你可等着做这个巧宗儿。
小红,碧痕,冲突,排挤,024,是,碧痕道：“明儿我说给他们，凡要茶要水送东送西的事，咱们都别动，只叫他去便是了。”
小红,贾芸,未分类,拾帕,024,否,忽听窗外低低的叫道：“红玉，你的手帕子我拾在这里呢。”红玉听了忙走出来看，不是别人，正是贾芸。
小红,贾芸,未分类,拉,024,否,一面说，一面就上来拉他。
小红,袭人,事件,差遣,025,否,袭人笑道：“我们这里的喷壶还没有收拾了来呢，你到林姑娘那里去，把他们的借来使使。”红玉答应了，便走出来往潇湘馆去。
小红,贾芸,未分类,疑心手帕,026,否,那红玉见贾芸手里拿的手帕子，倒象是自己从前掉的，待要问他，又不好问的。
小红,贾宝玉,未分类,守候,026,否,那红玉同众丫鬟也在这里守着宝玉，彼此相见多日，都渐渐混熟了。
小红,贾芸,未分类,互看,026,否,那贾芸一面走，一面拿眼把红玉一溜；那红玉只装着和坠儿说话，也把眼去一溜贾芸：四目恰相对时，红玉不觉脸红了，一扭身往蘅芜苑去了。
小红,贾芸,未分类,知手帕为红玉,026,否,原来上月贾芸进来种树之时，便拣了一块罗帕，便知是所在园内的人失落的，但不知是那一个人的，故不敢造次。今听见红玉问坠儿，便知是红玉的，心内不胜喜幸。
小红,李嬷嬷,事件,问答,026,否,红玉立住笑问道：“李奶奶，你老人家那去了？怎打这里来？”李嬷嬷站住将手一拍道：“你说说，好好的又看上了那个种树的什么云哥儿雨哥儿的，这会子逼着我叫了他来。明儿叫上房里听见，可又是不好。”
小红,贾宝玉,主仆,主仆,027,是,我是宝二爷房里的。
小红,林之孝,亲属,父女,027,是,他是林之孝之女。
小红,贾宝玉,主仆,屋里的丫头,028,是,凤姐一面收起，一面笑道：‘还有句话告诉你，不知你依不依？你屋里有个丫头叫红玉，我要叫了来使唤，明儿我再替你挑几个，可使得？’
小红,王熙凤,事件,叫来使唤,028,否,凤姐一面收起，一面笑道：‘还有句话告诉你，不知你依不依？你屋里有个丫头叫红玉，我要叫了来使唤，明儿我再替你挑几个，可使得？’
小红,王熙凤,未分类,叫去,028,否,二奶奶打发人叫了红玉去了。
小红,王熙凤,主仆,主仆,"029,088,101,113",是,凤姐儿的丫头平儿、丰儿、小红
小红,贾芸,未分类,交换绢子,088,否,那年我换给二爷的一块绢子，二爷见了没有？
小红,贾宝玉,主仆,旧主仆,092,是,我们家的小红头里是二叔叔那里的
小红,王熙凤,主仆,要来（主仆）,092,是,我妈妈要了来，还没有补上人呢
小红,贾宝玉,主仆,主仆（小红原是宝玉屋里）,101,是,我想着宝二爷屋里的小红跟了我去，我还没还他呢，就把五儿补过来。
小蝉,玉钏儿,亲属,称谓：姐姐,061,是,小蝉又道：“正是。昨儿玉钏姐姐说，太太耳房里的柜子开了，少了好些零碎东西。
小螺,薛宝琴,主仆,主仆,052,是,忽见宝琴的小丫鬟名小螺者从那边过去
小霞,彩霞,亲属,姐妹,072,是,遂至晚间悄命他妹子小霞进二门来找赵姨娘，问了端的。
小鸠儿,春燕,亲属,姐妹,059,是,他又叫我妹妹小鸠儿洗了
小鹊,赵姨娘,主仆,房内丫鬟,073,是,见是赵姨娘房内的丫鬟名唤小鹊的。
尤三姐,贾蓉,未分类,三姨娘,063,否,他二姨娘三姨娘都和丫头们作活计
尤三姐,贾珍,未分类,操心聘嫁,063,否,我父亲每日为两位姨娘操心，要寻两个又有根基又富贵又年青又俏皮的两位姨爹，好聘嫁这二位姨娘的。
尤三姐,尤二姐,亲属,姊妹,063,是,二姊妹丢了活计，一头笑，一头赶着打。
尤三姐,贾蓉,亲属,姨甥,064,是,我二姨儿三姨儿都不是我老爷养的，原是我老娘带了来的。
尤三姐,尤二姐,亲属,姐妹,"064,065,066",是,却说贾琏素日既闻尤氏姐妹之名，恨无缘得见。
尤三姐,尤老,亲属,母女,065,是,先将尤老和三姐送入新房。尤老一看，虽不似贾蓉口内之言，也十分齐备，母女二人已称了心。
尤三姐,贾珍,未分类,轻薄,065,否,贾珍便和三姐挨肩擦脸，百般轻薄起来。
尤三姐,贾琏,未分类,姐夫与小姨,066,否,只见尤三姐走来说道：“姐夫，你只放心。”
尤三姐,柳湘莲,未分类,看中/愿嫁,066,否,他家请了一起串客，里头有个作小生的叫作柳湘莲，他看上了，如今要是他才嫁。
尤三姐,柳湘莲,未分类,许嫁,066,否,若有了姓柳的来，我便嫁他。
尤三姐,柳湘莲,事件,送定礼/定亲,066,否,贾琏便将路上相遇湘莲一事说了出来，又将鸳鸯剑取出，递与三姐。
尤三姐,柳湘莲,未分类,退亲/反悔,066,否,那尤三姐在房明明听见。好容易等了他来，今忽见反悔，便知他在贾府中得了消息，自然是嫌自己淫奔无耻之流，不屑为妻。
尤三姐,柳湘莲,未分类,称贤妻,066,否,湘莲反不动身，泣道：“我并不知是这等刚烈贤妻，可敬，可敬。”
尤三姐,警幻,事件,奉命,066,否,妾今奉警幻之命，前往太虚幻境修注案中所有一干情鬼。
尤三姐,柳湘莲,未分类,说定妻,067,否,薛姨妈闻知湘莲已说定了尤三姐为妻
尤三姐,柳湘莲,未分类,痴情眷恋,067,否,柳湘莲见尤三姐身亡，痴情眷恋
尤三姐,贾珍,未分类,妻妹,107,否,查尤三姐原系贾珍妻妹
尤二姐,贾蓉,未分类,二姨娘,063,否,贾蓉且嘻嘻的望他二姨娘笑说
尤二姐,贾珍,未分类,想,063,否,我们父亲正想你呢。
尤二姐,贾珍,未分类,操心聘嫁,063,否,我父亲每日为两位姨娘操心，要寻两个又有根基又富贵又年青又俏皮的两位姨爹，好聘嫁这二位姨娘的。
尤二姐,贾琏,亲属,夫妻（二房）,064,是,这里贾琏等见诸事已妥，遂择了初三黄道吉日，以便迎娶二姐过门。
尤二姐,贾蓉,亲属,姨甥,"064,068",是,我二姨儿三姨儿都不是我老爷养的，原是我老娘带了来的。
尤二姐,尤氏,亲属,姐妹,"064,068",是,尤氏却知此事不妥，因而极力劝止。无奈贾珍主意已定，素日又是顺从惯了的，况且他与二姐本非一母，不便深管
尤二姐,贾琏,亲属,夫妻,065,是,我如今和你作了两个月夫妻，日子虽浅，我也知你不是愚人。
尤二姐,尤老,亲属,母女,065,是,只见尤二姐和他母亲都在房中
尤二姐,贾琏,未分类,二房,068,否,今娶姐姐二房之大事亦人家大礼，亦不曾对奴说。
尤二姐,王熙凤,亲属,姐妹相称,068,是,奴愿作妹子，每日伏侍姐姐梳头洗面。
尤二姐,张华,未分类,曾订婚（已退亲）,068,否,原来已有了婆家的，女婿现在才十九岁，成日在外嫖赌，不理生业，家私花尽，父亲撵他出来，现在赌钱厂存身。父亲得了尤婆十两银子退了亲的，这女婿尚不知道。原来这小伙子名叫张华。
尤二姐,贾母,未分类,太婆婆,069,否,这是太婆婆，快磕头。
尤二姐,尤氏,亲属,姊妹,069,是,既是你妹子从小曾与人指腹为婚，又没退断，使人混告了。
尤二姐,贾琏,亲属,二房夫妻,069,是,既是二房一场，也是夫妻之分
尤二姐,贾蓉,未分类,称姨娘,069,否,叔叔解着些儿，我这个姨娘自己没福。
尤二姐,王熙凤,未分类,让其三分,069,否,他现是二房奶奶，你爷心坎儿上的人，我还让他三分
尤二姐,秋桐,冲突,辱骂,069,是,秋桐更又得意，越性走到他窗户根底下大哭大骂起来。尤二姐听了，不免更添烦恼。
尤二姐,平儿,未分类,照应,069,否,还是亏了平儿，时常背着凤姐，看他这般，与他排解排解。
尤二姐,胡君荣,未分类,医患,069,否,请了个姓胡的太医，名叫君荣。进来诊脉看了，说是经水不调，全要大补。
尤二姐,张华,未分类,所定之亲,069,否,张华所欠贾宅之银，令其限内按数交还，其所定之亲，仍令其有力时娶回。
尤二姐,王熙凤,亲属,姊妹,072,是,我因为我想着后日是尤二姐的周年，我们好了一场，虽不能别的，到底给他上个坟烧张纸，也是姊妹一场。
尤二姐,张华,亲属,未婚夫妻,107,是,看得尤二姐实系张华指腹为婚未娶之妻
尤二姐,尤二姐之母,亲属,母女,107,是,尤二姐之母愿结贾珍之弟为妾
尤二姐,王熙凤,亲属,姐妹,113,是,姐姐，许久的不见了。做妹妹的想念的很，要见不能，如今好容易进来见见姐姐。
尤氏,贾珍,亲属,夫妻,"005,007,010,069,071,076,107",是,贾珍之妻尤氏
尤氏,贾母,事件,宴请,005,否,贾珍之妻尤氏乃治酒，请贾母、邢夫人、王夫人等赏花
尤氏,邢夫人,事件,宴请,005,否,贾珍之妻尤氏乃治酒，请贾母、邢夫人、王夫人等赏花
尤氏,王夫人,事件,宴请,005,否,贾珍之妻尤氏乃治酒，请贾母、邢夫人、王夫人等赏花
尤氏,秦可卿,亲属,婆媳,"007,011",是,早有贾珍之妻尤氏与贾蓉媳妇秦氏婆媳两个
尤氏,王熙凤,未分类,嘲笑,007,否,那尤氏一见凤姐，必先嘲笑一阵
尤氏,贾宝玉,事件,拉手,007,否,一手拉了宝玉，同入上房里坐下。
尤氏,贾璜,事件,资助,010,否,又会奉承凤姐儿并尤氏，所以凤姐儿尤氏也时常资助资助他
尤氏,贾蓉,亲属,母子,"011,068,102",是,母亲该请二位太太、老娘、婶子都过园子里坐着去罢。
尤氏,尤氏的母亲,亲属,母女,011,是,尤氏的母亲已先在这里呢。
尤氏,贾母,事件,带领,016,否,贾母带领邢夫人、王夫人、尤氏，一共四乘大轿入朝。
尤氏,贾宝玉,未分类,说笑,019,否,宝玉见繁华热闹到如此不堪的田地，只略坐了一坐，便走开各处闲耍。先是进内去和尤氏和丫鬟姬妾说笑了一回
尤氏,珍哥,亲属,夫妻,043,是,这件事我交给珍哥媳妇了。
尤氏,贾母,未分类,捧茶,053,否,尤氏用茶盘亲捧茶与贾母
尤氏,王熙凤,未分类,搂着/称孩子,054,否,尤氏笑道：‘有我呢，我搂着你。也不怕臊，你这孩子又撒娇了，听见放炮仗，吃了蜜蜂儿屎的，今儿又轻逛起来。’
尤氏,茄官,未分类,讨了,058,否,尤氏便讨了老旦茄官去
尤氏,贾王肩,亲属,嫂子,063,是,嫂子恐哥哥和侄儿来了
尤氏,尤老安人,未分类,继母,063,否,尤氏不能回家，便将他继母接来在宁府看家。
尤氏,王熙凤,亲属,嫂子/妹妹,068,是,尤氏也哭道：“何曾不是这样。你不信问问跟的人，我何曾不劝的，也得他们听。叫我怎么样呢，怨不得妹妹生气，我只好听着罢了。”
尤氏,贾惜春,亲属,嫂子小姑,074,是,我今日正要送过去，嫂子来的恰好，快带了他去。
尤氏,贾蓉之妻,亲属,婆媳,075,是,少时摆上饭来，尤氏在上，贾蓉之妻在下相陪，婆媳二人吃毕饭。
尤氏,银蝶,主仆,主仆,075,是,又指银蝶道：“这孩子也好，也来同你主子一块来吃，等你们离了我，再立规矩去。”
尤氏,炒豆儿,主仆,主仆,075,是,小丫鬟炒豆儿捧了一大盆温水走至尤氏跟前，只弯腰捧着。
尤氏,贾母,称谓,称呼（老祖宗）,076,否,尤氏笑道：“我今日不回去了，定要和老祖宗吃一夜。”
尤氏,王熙凤,亲属,婆媳,108,是,凤姐也知贾母之意，便竭力张罗，说道：“今儿老太太喜欢些了。你看这些人好几时没有聚在一处，今儿齐全。”说着回过头去，看见婆婆尤氏不在这里，又缩住了口。
尤氏,贾惜春,未分类,不合,115,否,尤氏本与惜春不合
尤氏,贾惜春,亲属,姑嫂,116,是,尤氏道：“偏你一说又是佛门了。你出家的念头还没有歇么？”惜春笑道：“不瞒嫂子说，我早已断了荤了。”
尤氏,贾惜春,亲属,嫂子与小姑子,117,是,尤氏见他两个不肯作主，又怕惜春寻死，自己便硬做主张，说是：“这个不是索性我耽了罢。说我做嫂子的容不下小姑子，逼他出了家了就完了。”
尤老,贾琏,未分类,女婿丈母,065,否,他丈母不吃，自回房中睡去了。
尤老,柳湘莲,未分类,称老伯母/晚生,066,否,让到内室与尤老相见。湘莲只作揖称老伯母，自称晚生
尤老安人,贾蓉,未分类,外祖母,063,否,又忙着进来看外祖母两个姨娘。
巧姐,贾芸,亲属,族兄妹,088,是,这是你芸大哥哥，怎么认起生来了。
巧姐,王熙凤,亲属,母女,"092,113,114",是,巧姐儿道：“我昨夜听见我妈妈说，要请二叔叔去说话。”
巧姐,贾宝玉,亲属,叔侄,092,是,贾母道：“做叔叔的也该讲究给侄女听听。”
巧姐,李妈,未分类,从学认字,092,否,跟着李妈认了几年字
巧姐,平儿,未分类,扶养,106,否,便与平儿道：“你别不达事务了，到了这样田地，你还顾我做什么。我巴不得今儿就死才好。只要你能够眼里有我，我死之后，你扶养大了巧姐儿，我在阴司里也感激你的。”
巧姐,青儿,未分类,玩伴,113,否,青儿因与巧姐儿顽得熟了，巧姐又不愿他去，青儿又愿意在这里。
巧姐,王仁,亲属,舅甥,"114,118,119",是,王仁便叫了他外甥女儿巧姐过来说：
巧姐,贾琏,亲属,父女,"114,117,119",是,巧姐道：‘我父亲巴不得要好看，只是如今比不得从前了。’
巧姐,王仁,未分类,照应未成,117,否,贾琏又欲托王仁照应，巧姐到底不愿意
巧姐,邢夫人,亲属,祖孙,"118,119",是,王夫人道：“你是个明白人，起来，听我说。巧姐儿到底是大太太孙女儿，他要作主，我能够拦他么？”
巧姐,平儿,主仆,主仆,119,是,我到底是下人，说不上话去。
巧姐,贾琏,未分类,亲事,120,否,贾琏也趁便回说：“巧姐亲事，父亲太太都愿意给周家为媳。”
师父,智能儿,社会,师徒,007,是,我师父见过太太，就往于老爷府里去了，叫我在这里等他呢。
师父,贾环,社会,师徒,088,是,今儿因师父叫环儿和兰儿对对子，环儿对不来，我悄悄的告诉了他。
师父,贾兰,社会,师徒,088,是,今儿因师父叫环儿和兰儿对对子，环儿对不来，我悄悄的告诉了他。
干婆子,芳官,未分类,干娘,058,否,生恐不令芳官认他做干娘
平丫头,王熙凤,主仆,主仆,040,是,鸳鸯道：“他们吃不了这些，挑两碗给二奶奶屋里平丫头送去。”
平儿,王熙凤,主仆,心腹通房大丫头,006,是,先找着凤姐的一个心腹通房大丫头名唤平儿的。
平儿,彩明,事件,吩咐,007,否,平儿听了，便打开匣子，拿了四枝，抽身去了。半刻工夫，手里拿出两枝来，先叫彩明来，吩咐：‘送到那边府里，给小蓉大奶奶戴去。’
平儿,秦可卿,事件,送花,007,否,平儿听了，便打开匣子，拿了四枝，抽身去了。半刻工夫，手里拿出两枝来，先叫彩明来，吩咐：‘送到那边府里，给小蓉大奶奶戴去。’
平儿,王熙凤,主仆,主仆,"011,014,021,027,029,039,044,046,051,052,055,056,059,061,065,067,071,083,084,088,090,094,097,101,105,106,109,110,112,113",是,平儿将烘的家常的衣服给凤姐儿换了。
平儿,王熙凤,未分类,说笑,013,否,每到晚间，不过和平儿说笑一回，就胡乱睡了。
平儿,贾琏,事件,求欢,021,否,贾琏见他娇俏动情，便搂着求欢，被平儿夺手跑了
平儿,王熙凤,未分类,交给,024,否,便命丰儿：“接过芸哥儿的来，送了家去，交给平儿。”
平儿,王熙凤,事件,主仆问答,036,否,因晚间无人时笑问平儿道：“这几家人不大管我的事，为什么忽然这么和我贴近？”平儿冷笑道：“奶奶连这个都想不起来了？
平儿,王熙凤,主仆,主子奴才,038,是,鸳鸯等忙高声笑回道：“二奶奶来抢螃蟹吃，平儿恼了，抹了他主子一脸的螃蟹黄子。主子奴才打架呢。”
平儿,王熙凤,事件,吩咐,042,否,说着叫平儿来吩咐道：“明儿咱们有事，恐怕不得闲儿。你这空儿把送姥姥的东西打点了，他明儿一早就好走的便宜了。”
平儿,贾琏,未分类,夫妾,"044,101",否,宝玉素日因平儿是贾琏的爱妾，又是凤姐儿的心腹，故不肯和他厮近，因不能尽心，也常为恨事。
平儿,王熙凤,未分类,抚恤,045,否,话说凤姐儿正抚恤平儿
平儿,李纨,未分类,打报不平,045,否,气的我只要给平儿打报不平儿。
平儿,王熙凤,未分类,赔不是,045,否,凤姐儿忙笑道：“竟不是为诗为画来找我，这脸子竟是为平儿来报仇的。竟不承望平儿有你这一位仗腰子的人。早知道，便有鬼拉着我的手打他，我也不打了。平姑娘，过来！我当着大奶奶姑娘们替你赔个不是，担待我酒后无德罢。”
平儿,李纨,未分类,争气,045,否,李纨笑问平儿道：“如何？我说必定要给你争争气才罢。”
平儿,黄金莺,事件,送药,048,否,宝钗听了，忙命莺儿去要了一丸来与平儿。
平儿,薛宝钗,事件,求药,048,否,我们听见姨太太这里有一种丸药，上棒疮的，姑娘快寻一丸子给我。”
平儿,王熙凤,主仆,跟随,049,是,平儿也是个好顽的，素日跟着凤姐儿无所不至
平儿,袭人,事件,赠衣,051,否,袭人道：“一件就当不起了。”平儿笑道：“你拿这猩猩毡的。
平儿,邢大姑娘,事件,赠衣,051,否,平儿笑道：“你拿这猩猩毡的。把这件顺手拿将出来，叫人给邢大姑娘送去。
平儿,麝月,未分类,密谈,052,否,麝月是方才平儿来找他出去了。
平儿,贾宝玉,未分类,体贴,052,否,喜的是平儿竟能体贴自己
平儿,王夫人,事件,回话,055,否,便命平儿去回王夫人
平儿,贾探春,主仆,伏侍,055,是,平儿见侍书不在这里，便忙上来与探春挽袖卸镯
平儿,薛宝钗,主仆,伏侍,055,是,接着宝钗的饭至，平儿忙进来伏侍。
平儿,李纨,主仆,伏侍,055,是,原是叫我帮着妹妹们伏侍奶奶姑娘的。
平儿,林之孝家的,事件,吩咐,061,否,平儿听了，出来依言吩咐了林之孝家的。
平儿,玉钏儿,亲属,称谓：姐姐,061,是,玉钏儿道：“是了。姐姐，你怎么忘了？
平儿,袭人,事件,问,061,否,却悄悄的来访袭人，问他可果真芳官给他露了。
平儿,贾宝玉,未分类,计议,061,否,因忙和平儿计议：“露的事虽完，然这霜也是有不是的。
平儿,贾宝玉,事件,同生日,062,否,今儿也是他的生日，你也该给他拜寿。
平儿,贾宝玉,事件,请客,063,否,忽见平儿笑嘻嘻的走来，说亲自来请昨日在席的人
平儿,贾琏,未分类,房里人,065,否,二爷原有两个，谁知他来了没半年，都寻出不是来，都打发出去了。别人虽不好说，自己脸上过不去，所以强逼着平姑娘作了房里人。
平儿,王熙凤,主仆,主仆（丫头）,068,是,他原是咱们的丫头。
平儿,王熙凤,主仆,伏侍,072,是,平儿伏侍凤姐另洗了面，更衣往贾母处去伺候晚饭。
平儿,王熙凤,未分类,平儿称凤姐奶奶,073,否,平儿忙陪笑道：“姑娘怎么今日说这话出来？我们奶奶如何当得起！”
平儿,王熙凤,事件,打发（主仆）,092,否,只得打发平儿先来告假
平儿,王熙凤,事件,告知,093,否,先是平儿知道，即忙告诉凤姐。
平儿,贾琏,主仆,主仆,113,是,贾琏叫平儿来问道：‘奶奶不吃药么？’
平儿,王夫人,主仆,主仆,118,是,平儿呆了半天，跪下求道：“巧姐儿终身全仗着太太。若信了人家的话，不但姑娘一辈子受了苦，便是琏二爷回来怎么说呢！”
平儿,贾琏,亲属,妾室,119,是,自此贾琏心里愈敬平儿，打算等贾赦等回来要扶平儿为正。
平原侯,蒋子宁,亲属,祖孙,014,是,平原侯之孙世袭二等男蒋子宁
张三,张王氏,亲属,母子,"086,099",是,张王氏哭禀道：“小的的男人是张大，南乡里住，十八年前死了。大儿子二儿子也都死了，光留下这个死的儿子叫张三，今年二十三岁，还没有娶女人呢。”
张三,李二,未分类,同店当槽,086,否,知县便叫李家店的人问道：“那张三是你店内佣工的么？”那李二回道：“不是佣工，是做当槽儿的。”
张三,薛蟠,未分类,砸死,086,否,那日尸场上你说张三是薛蟠将碗砸死的，你亲眼见的么。
张三,薛蟠,未分类,殴伤致死,099,否,薛蟠殴伤张三身死，串嘱尸证捏供误杀一案。
张华,贾珍,未分类,给银子,067,否,那珍大奶奶的妹子原来从小儿有人家的，姓张，叫什么张华，如今穷的待好讨饭。珍大爷许了他银子，他就退了亲了。
张华,王熙凤,未分类,调唆,069,否,凤姐一面使人暗暗调唆张华，只叫他要原妻
张友士,贾珍,事件,请医,010,否,请的那张先生来了。”贾珍遂延入大厅坐下。
张友士,秦可卿,未分类,诊脉,010,否,于是家下媳妇们捧过大迎枕来，一面给秦氏拉着袖口，露出脉来。先生方伸手按在右手脉上
张大,张王氏,亲属,夫妻,086,是,张王氏哭禀道：“小的的男人是张大，南乡里住，十八年前死了。”
张大老爷,王尔调,未分类,相与,084,否,也是晚生的相与，做过南韶道的张大老爷家有一位小姐
张大老爷,邢夫人,亲属,亲戚,084,是,贾政听了，方知是邢夫人的亲戚。
张如圭,贾雨村,社会,同僚,003,是,不是别人，乃是当日同僚一案参革的号张如圭者。
张德辉,薛蟠,未分类,照管,048,否,薛姨妈命人请了张德辉来，在书房中命薛蟠款待酒饭，自己在后廊下，隔着窗子，向里千言万语嘱托张德辉照管薛蟠。
张德辉,薛蟠,未分类,一同前往,048,否,便和张德辉说知，命他等一二日一同前往。
张材家的,王熙凤,未分类,管理,014,否,凤姐因见张材家的在旁，因问：“你有什么事？”
张王氏,知县,事件,问话,086,否,知县便叫地保对明初供，又叫尸亲张王氏并尸叔张二问话。
张道士,荣国府国公,未分类,替身,029,否,这张道士虽然是当日荣国府国公的替身
彩云,金钏,未分类,推开,023,否,彩云一把推开金钏
彩云,贾环,事件,使唤,025,否,那贾环正在王夫人炕上坐着，命人点灯，拿腔作势的抄写。一时又叫彩云倒杯茶来，一时又叫玉钏儿来剪剪蜡花，一时又说金钏儿挡了灯影。
彩云,王夫人,主仆,主仆,"029,059,096,104,109,113",是,并王夫人两个丫头也要跟了凤姐儿去的金钏、彩云
彩云,王夫人,事件,使唤,034,否,说着就唤彩云来，“把前儿的那几瓶香露拿了来。”
彩云,贾环,事件,赠物,060,否,贾环嘻嘻向彩云道：“我也得了一包好的，送你檫脸。”
彩云,环哥儿,冲突,偷给,061,是,晴雯走来笑道：“太太那边的露再无别人，分明是彩云偷了给环哥儿去了。你们可瞎乱说。”
彩云,赵姨娘,未分类,央告/委托,061,否,偷东西原是赵姨奶奶央告我再三，我拿了些与环哥是情真。
彩云,贾宝玉,亲属,称谓：姐姐,061,是,宝玉忙笑道：“彩云姐姐果然是个正经人。
彩云,贾环,事件,私赠,062,否,你既有担当给了我
彩云,贾环,未分类,分崩,070,否,彩云因近日和贾环分崩
彩云,赵姨娘,未分类,代为央告,112,否,只有彩云等代他央告道：“鸳鸯姐姐，你死是自己愿意的，与赵姨娘什么相干，放了他罢。”
彩云,贾环,冲突,规劝被辱骂,117,是,倒是彩云时常规劝，反被贾环辱骂。
彩儿,彩儿的娘,亲属,母女,062,是,这是四姑娘屋里的小丫头彩儿的娘
彩哥儿,王熙凤,事件,打发赏东西,045,否,昨儿奶奶又打发彩哥儿赏东西
彩屏,贾惜春,主仆,主仆,"029,112,118",是,惜春的丫头入画、彩屏
彩屏,贾惜春,主仆,主仆（彩屏称惜春姑娘）,087,是,彩屏忽然进来回道：“姑娘知道妙玉师父的事吗？”惜春道：“他有什么事？”
彩明,王熙凤,未分类,上下,014,否,凤姐即命彩明钉造簿册。
彩明,贾芸,未分类,交对牌,024,否,彩明走了出来，单要了领票进去，批了银数年月，一并连对牌交与了贾芸。
彩明,王熙凤,事件,打发,045,否,打发彩明去说他，他倒骂了彩明一顿。
彩明,王熙凤,主仆,主仆,110,是,急忙叫彩明登帐，发与众人收管。
彩霞,贾环,未分类,合得来,025,否,只有彩霞还和他合的来，倒了一钟茶来递与他。
彩霞,贾宝玉,未分类,说笑,025,否,宝玉便和彩霞说笑
彩霞,贾宝玉,事件,拉手,025,否,宝玉便拉他的手笑道：“好姐姐，你也理我理儿呢。”
彩霞,王夫人,主仆,主仆,039,是,太太屋里的彩霞，是个老实人。
彩霞,旺儿的小子,事件,求亲,072,否,我们旺儿的小子要说太太房里的彩霞。
彩霞,王夫人,未分类,放出,072,否,赵姨娘素日深与彩霞契合，巴不得与了贾环，方有个膀臂，不承望王夫人又放了出去。
彩霞,赵姨娘,未分类,契合,072,否,赵姨娘素日深与彩霞契合
彩霞,贾环,未分类,有旧,072,否,且说彩霞因前日出去，等父母择人，心中虽是与贾环有旧，尚未作准。
彩霞,彩霞之母,亲属,母女,072,是,晚间凤姐已命人唤了彩霞之母来说媒。
彩霞之母,王熙凤,未分类,说媒,072,否,晚间凤姐已命人唤了彩霞之母来说媒。
待书,贾探春,主仆,主仆,029,是,探春的丫头待书，翠墨
忠顺王爷,长史官,未分类,臣属,033,否,下官此来，并非擅造潭府，皆因奉王命而来
忠顺王爷,蒋玉菡,主仆,主仆,033,是,那琪官现是忠顺王爷驾前承奉的人
恒王,林四娘,未分类,姬妾,078,否,其姬中有姓林行四者，姿色既冠，且武艺更精，皆呼为林四娘。恒王最得意，遂超拔林四娘统辖诸姬，又呼为‘姽婳将军’。
戚建辉,襄阳侯,亲属,祖孙,014,是,襄阳侯之孙世袭二等男戚建辉
戴权,贾珍,未分类,上祭接待,013,否,早有大明宫掌宫内相戴权，先备了祭礼遣人来，次后坐了大轿，打伞鸣锣，亲来上祭。贾珍忙接着，让至逗蜂轩献茶。
戴权,贾蓉,未分类,为贾蓉捐前程,013,否,贾珍心中打算定了主意，因而趁便就说要与贾蓉捐个前程的话。戴权会意
扫红,贾宝玉,主仆,主仆,009,是,宝玉还有三个小厮：一名锄药，一名扫红，一名墨雨。
抱琴,贾妃,主仆,主仆,018,是,又有贾妃原带进宫去的丫鬟抱琴等上来叩见
文官,贾蔷,未分类,管理,023,否,因贾蔷又管理着文官等十二个女戏并行头等事
文官,王夫人,事件,打发出,041,否,王夫人打发文官等出去，将攒盒散与众丫鬟们吃去
文官,贾母,事件,使唤,058,否,贾母便留下文官自使
文杏,薛宝钗,主仆,主仆,029,是,宝钗的丫头莺儿，文杏
方椿,贾芸,未分类,买树,024,否,出西门找到花儿匠方椿家里去买树
时福,贾范,未分类,自称家人,101,否,凶犯姓时名福，自称系世袭三等职衔贾范家人。
旺儿,王熙凤,主仆,主仆,"027,067",是,才旺儿进来讨奶奶的示下，好往那家子去。
旺儿,贾琏,主仆,主仆,067,是,旺儿又打着千儿回道：“奴才天天在二门上听差事，如何能知道二爷外头的事呢。”
旺儿,王熙凤,事件,主仆（使唤）,068,否,凤姐一面使旺儿在外打听细事
旺儿,贾琏,主仆,主仆（家人）,068,是,察院坐堂看状，见是告贾琏的事，上面有家人旺儿一人
旺儿,王熙凤,事件,差遣,069,否,悄命旺儿遣人寻着了他，或说他作贼，和他打官司将他治死
旺儿,旺儿媳妇,亲属,夫妻,072,是,说给你男人，外头所有的帐，一概赶今年年底下收了进来，少一个钱我也不依的。
旺儿,王熙凤,未分类,收账,072,否,说给你男人，外头所有的帐，一概赶今年年底下收了进来，少一个钱我也不依的。
旺儿,旺儿的小子,亲属,父子,072,是,旺儿有个小子，今年十七岁了，还没得女人，因要求太太房里的彩霞
旺儿,王熙凤,事件,打发（主仆）,092,否,你回去告诉他，我和你二爷说，打发旺儿给他撕掳就是了。
旺儿,贾琏,事件,传唤,093,否,又叫旺儿，旺儿晌午出去了，还没有回来。
旺儿媳妇,王熙凤,未分类,陪房,072,否,待要不管，只是看着他是凤姐儿的陪房，且又素日出过力的，脸上实在过不去
旺儿媳妇,贾琏,未分类,磕头谢恩,072,否,旺儿家的会意，忙爬下就给贾琏磕头谢恩。
旺儿家的,王熙凤,主仆,来回（主仆）,092,是,后来旺儿家的来回说：“迎姑娘那里打发人来请奶奶安，还说并没有到上头，只到奶奶这里来。”
旺儿家的,王熙凤,主仆,主仆,110,是,于是叫了旺儿家的来把话传出去请二爷进来。
旺儿的小子,贾琏,事件,求,072,否,我们旺儿的小子要说太太房里的彩霞。他昨儿求我
春燕,春燕的娘,亲属,母女,059,是,偏又有春燕的娘出来找他
春燕,春燕的姑妈,亲属,姑侄,059,是,他姑妈果然拄了拐走来。
春燕,春燕的姨妈,亲属,姨甥,059,是,他是我的姨妈
春燕,贾宝玉,事件,吩咐,060,否,宝玉便叫春燕：“你跟了你妈去，到宝姑娘房里给莺儿几句好话听听，也不可白得罪了他。”
春燕,黄金莺,未分类,陪罪,060,否,春燕便和他妈一径到莺儿前，陪笑说：“方才言语冒撞了，姑娘莫嗔莫怪，特来陪罪”等语。
春燕的姨妈,春燕的娘,亲属,姐妹,059,是,只说我妈和姨妈，他老姊妹两个
春燕的姨妈,藕官,未分类,认亲,059,否,藕官认了我姨妈，芳官认了我妈
春燕的娘,芳官,未分类,认亲,059,否,藕官认了我姨妈，芳官认了我妈
春纤,林黛玉,主仆,主仆,029,是,林黛玉的丫头紫鹃，雪雁，春纤
昭儿,王熙凤,事件,差遣,014,否,凤姐急命唤进来。昭儿打千儿请安。
昭儿,贾琏,主仆,主仆,014,是,昭儿道：“二爷打发回来的。林姑老爷是九月初三日巳时没的。”
景田侯,裘良,亲属,祖孙,014,是,景田侯之孙五城兵马司裘良
晴雯,贾宝玉,主仆,主仆（丫鬟为伴）,005,是,于是众奶姆伏侍宝玉卧好，款款散去，只留下袭人、晴雯、麝月、秋纹四个丫鬟为伴。
晴雯,贾宝玉,事件,主仆（听命贴字）,008,否,晴雯笑道：“这个人可醉了。你头里过那府里去，嘱咐我贴在门头儿上的。我恐怕别人贴坏了，亲自爬高上梯，贴了半天，这会子还冻的手僵着呢！”
晴雯,碧痕,未分类,拌嘴,026,否,谁知晴雯和碧痕正拌了嘴，没好气，忽见宝钗来了，那晴雯正把气移在宝钗身上，正在院内抱怨说：“有事没事跑了来坐着，叫我们三更半夜的不得睡觉！”
晴雯,薛宝钗,未分类,抱怨,026,否,忽见宝钗来了，那晴雯正把气移在宝钗身上，正在院内抱怨说：“有事没事跑了来坐着，叫我们三更半夜的不得睡觉！”
晴雯,林黛玉,未分类,拒不开门,026,否,林黛玉素知丫头们的情性，他们彼此顽耍惯了，恐怕院内的丫头没听真是他的声音，只当是别的丫头们来了，所以不开门，因而又高声说道：“是我，还不开么？”晴雯偏生还没听出来，便使性子说道：“凭你是谁，二爷吩咐的，一概不许放人进来呢！”
晴雯,贾宝玉,主仆,主仆,"031,074,077,078,104,109",是,宝玉向晴雯道：“你也不用生气，我也猜着你的心事了。我回太太去，你也大了，打发你出去好不好？”
晴雯,袭人,亲属,姐妹相称,031,是,袭人听了这话，又是恼，又是愧，待要说几句话，又见宝玉已经气的黄了脸，少不得自己忍了性子，推晴雯道：“好妹妹，你出去逛逛，原是我们的不是。”
晴雯,贾宝玉,事件,使唤,034,否,宝玉便命晴雯来吩咐道：“你到林姑娘那里看看他做什么呢。他要问我，只说我好了。”
晴雯,林黛玉,事件,送帕,034,否,晴雯忙答道：“晴雯。”黛玉道：“做什么？”晴雯道：“二爷送手帕子来给姑娘。”
晴雯,麝月,亲属,姐妹相称,051,是,晴雯只在熏笼上围坐。麝月笑道：“你今儿别装小姐了，我劝你也动一动儿。”晴雯道：“等你们都去尽了，我再动不迟。有你们一日，我且受用一日。”麝月笑道：“好姐姐，我铺床，你把那穿衣镜的套子放下来，上头的划子划上，你的身量比我高些。”
晴雯,李纨,未分类,上下,051,否,你回大奶奶去，就说晴雯白冷着了些，不是什么大病。
晴雯,贾宝玉,未分类,记挂,052,否,宝玉因记挂着晴雯袭人等事
晴雯,王太医,未分类,医患,052,否,次日，王太医又来诊视，另加减汤剂。
晴雯,麝月,未分类,劝,052,否,麝月笑劝他道：“你太性急了，俗语说：“病来如山倒，病去如抽丝。””
晴雯,秋纹,未分类,支使,052,否,秋纹是我撵了他去吃饭的
晴雯,袭人,未分类,同庚,063,否,香菱，晴雯，宝钗三人皆与他同庚
晴雯,贾母,主仆,主仆,"074,077,078",是,我原是跟老太太的人。
晴雯,贾宝玉,未分类,关切,076,否,宝玉近因晴雯病势甚重，诸务无心
晴雯,王夫人,主仆,主仆,"077,078",是,晴雯四五日水米不曾沾牙，恹恹弱息，如今现从炕上拉了下来，蓬头垢面，两个女人才架起来去了。王夫人吩咐，只许把他贴身衣服撂出去，余者好衣服留下给好丫头们穿。
晴雯,赖大家,未分类,买卖,077,否,这晴雯当日系赖大家用银子买的，那时晴雯才得十岁，尚未留头。
晴雯,灯姑娘,亲属,姑嫂,077,是,晴雯又哭道：“回去他们看见了要问，不必撒谎，就说是我的。既担了虚名，越性如此，也不过这样了。”一语未了，只见他嫂子笑嘻嘻掀帘进来，道：“好呀，你两个的话，我已都听见了。”又向宝玉道：“你一个作主子的，跑到下人房里作什么？看我年轻又俊，敢是来调戏我么？”宝玉听说，吓的忙陪笑央道：“好姐姐，快别大声。他伏侍我一场，我私自来瞧瞧他。”灯姑娘便一手拉了宝玉进里间来
晴雯,贾宝玉,事件,祭奠,"079,089",否,话说宝玉祭完了晴雯
晴雯,王夫人,未分类,撵逐,092,否,第二次王夫人撵了晴雯
晴雯,贾宝玉,主仆,主仆（晴雯为宝玉补衣）,101,是,那时候还有晴雯妹妹呢，听见说病着整给他补了一夜，第二天老太太才没瞧出来呢。
智能儿,贾惜春,未分类,一起玩耍,007,否,只见惜春正同水月庵的小姑子智能儿两个一处玩耍呢
智能儿,秦钟,情感,情投意合,015,是,那智能儿自幼在荣府走动，无人不识，因常与宝玉秦钟顽笑。他如今大了，渐知风月，便看上了秦钟人物风流，那秦钟也极爱他妍媚，二人虽未上手，却已情投意合了。
智能儿,秦钟,冲突,偷期绻缱,016,是,偏那秦钟秉赋最弱，因在郊外受了些风霜，又与智能儿偷期绻缱
智通,芳官,社会,师徒,077,是,从此芳官跟了水月庵的智通，蕊官藕官二人跟了地藏庵的圆心，各自出家去了。
李十儿,贾政,主仆,主仆,"099,100",是,奴才跟主儿一场，到底也要掏出忠心来。
李婶,李纨,亲属,寡婶与侄女,049,是,李纨之寡婶带着两个女儿——大名李纹，次名李绮——也上京。
李婶,李纹,亲属,母女,049,是,李纨之寡婶带着两个女儿——大名李纹，次名李绮——也上京。
李婶,李绮,亲属,母女,049,是,李纨之寡婶带着两个女儿——大名李纹，次名李绮——也上京。
李婶,贾母,未分类,留居,049,否,那李婶虽十分不肯，无奈贾母执意不从，只得带着李纹李绮在稻香村住下来。
李婶,李婶之弟,亲属,姐弟,053,是,李婶之弟又接了李婶和李纹李绮家去赘日
李婶,贾琏,未分类,斟酒,054,否,贾珍先至李婶席上，躬身取下杯来，回身，贾琏忙斟了一盏，然后便至薛姨妈席上，也斟了。
李婶,贾宝玉,未分类,斟酒,054,否,宝玉便要了一壶暖酒，也从李婶薛姨妈斟起
李嬷嬷,贾宝玉,主仆,乳母,003,是,宝玉之乳母李嬷嬷，并大丫鬟名唤袭人者，陪侍在外面大床上。
李嬷嬷,贾宝玉,未分类,奶母,"008,019",否,宝玉的奶母李嬷嬷便说道：“天又下雪，也要看时候儿，就在这里和姐姐妹妹一处玩玩儿罢。姨太太那里摆茶呢。我叫丫头去取了斗篷来，说给小么儿们散了罢？”
李嬷嬷,袭人,未分类,调理,019,否,你们看袭人不知怎样，那是我手里调理出来的毛丫头，什么阿物儿！
李嬷嬷,贾宝玉,未分类,妈妈,020,否,你别和你妈妈吵才是，他老糊涂了，倒要让他一步为是。
李嬷嬷,王熙凤,未分类,称妈妈,020,否,便连忙赶过来，拉了李嬷嬷，笑道：“好妈妈，别生气。”
李嬷嬷,袭人,冲突,骂,020,是,只见李嬷嬷拄着拐棍，在当地骂袭人
李嬷嬷,贾宝玉,主仆,奶娘,026,是,只见宝玉的奶娘李嬷嬷从那边走来。
李嬷嬷,贾母,事件,命其传话,036,否,贾母又命李嬷嬷袭人等来将此话说与宝玉，使他放心。
李守中,李纨,亲属,父女,004,是,这李氏亦系金陵名宦之女，父名李守中
李御史,贾赦,未分类,参奏,105,否,薛蝌宽慰了几句，即便又出来打听去了。隔了半日，仍旧进来说：“事情不好。我在刑科打听，倒没有听见两王复旨的信，但听得说李御史今早参奏平安州奉承京官，迎合上司，虐害百姓，好几大款。”贾政慌道：“那管他人的事，到底打听我们的怎么样？”薛蝌道：“说是平安州就有我们，那参的京官就是赦老爷。说的是包揽词讼，所以火上浇油。就是同朝这些官府，俱藏躲不迭，谁肯送信。”
李氏,贾珠,亲属,夫妻,003,是,贾珠之妻李氏捧饭
李氏,林黛玉,亲属,嫂子,003,是,这是你先珠大哥的媳妇珠大嫂子
李氏,素云,主仆,主仆,029,是,李氏的丫头素云、碧月
李氏,碧月,主仆,主仆,029,是,李氏的丫头素云、碧月
李祥,薛蝌,未分类,留下照料,086,否,薛蝌留下李祥在此照料
李纨,贾珠,亲属,夫妻,"004,088",是,原来这李氏即贾珠之妻
李纨,贾迎春,主仆,陪伴照管,007,是,却将迎春、探春、惜春三人移到王夫人这边房后三间抱厦内居住，令李纨陪伴照管。
李纨,贾探春,主仆,陪伴照管,007,是,却将迎春、探春、惜春三人移到王夫人这边房后三间抱厦内居住，令李纨陪伴照管。
李纨,贾惜春,主仆,陪伴照管,007,是,却将迎春、探春、惜春三人移到王夫人这边房后三间抱厦内居住，令李纨陪伴照管。
李纨,王熙凤,未分类,二婶子,025,否,李宫裁笑向宝钗道：“真真我们二婶子的诙谐是好的。”
李纨,薛宝钗,亲属,姐妹,037,是,我替薛大妹妹也早已想了个好的
李纨,贾迎春,未分类,同社,037,否,我和二姑娘四姑娘都不会做诗，须得让出我们三个人去。
李纨,贾惜春,未分类,同社,037,否,我和二姑娘四姑娘都不会做诗，须得让出我们三个人去。
李纨,贾探春,未分类,帮衬,037,否,即是三妹妹高兴，我就帮着你作兴起来。
李纨,贾母,主仆,伺候,038,是,西边靠门一桌，李纨和凤姐的，虚设坐位，二人皆不敢坐，只在贾母王夫人两桌上伺候。
李纨,王夫人,主仆,伺候,038,是,西边靠门一桌，李纨和凤姐的，虚设坐位，二人皆不敢坐，只在贾母王夫人两桌上伺候。
李纨,素云,称谓,称呼,042,否,忽见素云进来说：“我们奶奶请二位姑娘商议要紧的事呢。”
李纨,林黛玉,未分类,见面,042,否,李纨见了他两个，笑道：“社还没起，就有脱滑的了，四丫头要告一年的假呢。”
李纨,林黛玉,未分类,开妆奁,042,否,忙开了李纨的妆奁，拿出抿子来
李纨,林黛玉,未分类,教导,042,否,方出来，指着李纨道：“这是叫你带着我们作针线教道理呢，你反招我们来大顽大笑的。”
李纨,王熙凤,亲属,嫂子,043,是,不如大嫂子这一分我替他出了罢了。
李纨,王熙凤,亲属,称大嫂子,045,是,凤姐儿笑道：“亏你是个大嫂子呢！把姑娘们原交给你带着念书学规矩针线的，他们不好，你要劝。
李纨,李纹,亲属,亲戚（寡婶之女）,049,是,李纨之寡婶带着两个女儿——大名李纹，次名李绮——也上京。
李纨,李绮,亲属,亲戚（寡婶之女）,049,是,李纨之寡婶带着两个女儿——大名李纹，次名李绮——也上京。
李纨,贾母,情感,喜爱敬伏,049,是,贾母王夫人因素喜李纨贤惠，且年轻守节，令人敬伏
李纨,王夫人,情感,喜爱敬伏,049,是,贾母王夫人因素喜李纨贤惠，且年轻守节，令人敬伏
李纨,王夫人,事件,差遣,055,否,将家中琐碎之事，一应都暂令李纨协理。
李纨,贾探春,社会,同事,055,是,二人近日同事
李纨,赵姨娘,未分类,劝说,055,否,李纨在旁只管劝说
李纨,贾兰,未分类,代领月钱,055,否,兰哥儿的是大奶奶屋里领
李纨,薛宝琴,未分类,照管,058,否,李纨处目今李婶母女虽去，然有时亦来住三五日不定，贾母又将宝琴送与他去照管；
李纨,贾探春,亲属,称大嫂子,063,是,大嫂子顺手给他一下子。
李纨,贾探春,事件,请,063,否,便命翠墨同了小燕也再三的请了李纨和宝琴二人
李纨,碧月,主仆,主仆,070,是,忽有李纨打发碧月来说：“昨儿晚上奶奶在这里把块手帕子忘了，不知可在这里？”
李纨,素云,主仆,主仆,075,是,李纨忙命素云来取自己的妆奁。素云一面取来，一面将自己的胭粉拿来，笑道：“我们奶奶就少这个。奶奶不嫌脏，这是我的，能着用些。”
李纨,薛宝钗,亲属,嫂子（称呼）,075,是,所以来告诉大嫂子一声。
李纨,贾兰,亲属,母子,"088,110,118,119",是,贾兰又见过他母亲，然后过来在贾母旁边侍立。
李纨,贾宝玉,未分类,叔嫂,"088,119",否,因又回头向宝玉道：“宝叔叔明儿别这么夸他，他多大孩子，知道什么。你不过是爱惜他的意思，他那里懂得，一来二去，眼大心肥，那里还能够有长进呢。”
李纨,林黛玉,亲属,姊妹,097,是,姐妹在一处一场，更兼他那容貌才情真是寡二少双，惟有青女素娥可以仿佛一二，竟这样小小的年纪，就作了北邙乡女！
李纨,林之孝家的,主仆,主仆,097,是,李纨因和林之孝家的道：“你来的正好，快出去瞧瞧去。告诉管事的预备林姑娘的后事。妥当了叫他来回我，不用到那边去。”
李纨,贾兰,未分类,看顾攻书,117,否,李纨是素来沉静，除了请王夫人的安，会会宝钗，余者一步不走，只有看着贾兰攻书。
李纨,王夫人,事件,请安,117,否,李纨是素来沉静，除了请王夫人的安，会会宝钗，余者一步不走，只有看着贾兰攻书。
李纨,薛宝钗,未分类,会会,117,否,李纨是素来沉静，除了请王夫人的安，会会宝钗，余者一步不走，只有看着贾兰攻书。
李纹,素云,事件,使唤,081,否,忙叫素云把钩子敲好了，换上新虫子，上边贴好了苇片儿。
李绮,甄宝玉,事件,定亲,118,否,王夫人听了，想起来还是前次给甄宝玉说了李绮，后来放定下茶，想来此时甄家要娶过门，所以李婶娘来商量这件事情，便点点头儿。
李衙内,金哥,事件,求亲,015,否,他有个女儿小名金哥，那年都往我庙里来进香，不想遇见了长安府府太爷的小舅子李衙内。那李衙内一心看上，要娶金哥，打发人来求亲
李衙内,长安府府太爷,未分类,小舅子,015,否,不想遇见了长安府府太爷的小舅子李衙内。
李贵,贾宝玉,主仆,主仆,"009,084,085",是,人家的奴才跟主子赚些好体面，我们这等奴才白陪着挨打受骂的。
李贵,茗烟,冲突,喝骂,009,是,李贵且喝骂了茗烟四个一顿，撵了出去。
李贵,金荣,未分类,劝,009,否,李贵等只得好劝金荣说
李贵,贾宝玉,主仆,跟随,016,是,宝玉听了，忙忙的更衣出来，车犹未备，急的满厅乱转。一时催促的车到，忙上了车，李贵、茗烟等跟随。
李贵,贾宝玉,未分类,劝解,017,否,宝玉痛哭不已，李贵等好容易劝解半日方住
李贵,贾宝玉,未分类,奶兄,052,否,只见宝玉的奶兄李贵和王荣、张若锦、赵亦华、钱启、周瑞六个人
李贵,贾宝玉,主仆,随从,080,是,众嬷嬷和李贵等人围随宝玉到处散诞顽耍了一回
李贵,贾政,事件,吩咐,081,否,遂叫李贵来，说：“明儿一早，传焙茗跟了宝玉去收拾应念的书籍，一齐拿过来我看看，亲自送他到家学里去。”
来升,王熙凤,未分类,管理,014,否,一面又掷下宁国府对牌：“出去说与来升，革他一月银米！”
来升,来升媳妇,亲属,夫妻,014,是,即时传来升媳妇，兼要家口花名册来查看
来升媳妇,王熙凤,未分类,管理,014,否,只见凤姐正与来升媳妇分派
来旺儿,王熙凤,事件,差遣,015,否,凤姐便命悄悄将昨日老尼之事，说与来旺儿。
板儿,狗儿,亲属,父子,006,是,娶妻刘氏，生子小名板儿
板儿,青儿,未分类,姊弟,006,否,青板姊弟两个无人照管
林之孝,贾珍,主仆,主仆,029,是,贾珍站在阶矶上，因问：“管家在那里？”底下站的小厮们见问，都一齐喝声说：“叫管家！”登时林之孝一手整理着帽子跑了来，到贾珍跟前。
林之孝,林之孝家的,亲属,夫妻,"043,094",是,丫鬟走至下房，叫了林之孝家的过来。
林之孝,林之孝之妻,亲属,夫妻,059,是,每日林之孝之妻进来，带领十来个婆子上夜
林之孝,贾琏,未分类,上下,072,否,林之孝笑道：“何必在这一时。那是错也等他再生事，我们自然回爷处治。如今且恕他。”
林之孝,贾政,主仆,主仆,"085,112",是,一日林之孝进来回道：“今日是北静郡王生日，请老爷的示下。”
林之孝,贾琏,主仆,主仆,112,是,贾琏到了老太太上屋，见了凤姐惜春在那里，心里又恨又说不出来，便问林之孝道：“衙门里瞧了没有？”
林之孝家的,王夫人,事件,回话,017,否,王夫人不等回完，便说：“既这样，我们何不接了他来。”林之孝家的回道：“请他，他说‘侯门公府，必以贵势压人，我再不去的。’”
林之孝家的,王熙凤,事件,差遣,061,否,林之孝家的正因这些事没主儿，每日凤姐儿使平儿催逼他
林之孝家的,秦显的女人,未分类,派差,061,否,我暂且将秦显的女人派了去伺候。
林之孝家的,贾宝玉,未分类,称妈妈,063,否,妈妈进来歇歇。
林之孝家的,贾宝玉,事件,问宝二爷,063,否,林之孝家的又问：“宝二爷睡下了没有？”
林之孝家的,王熙凤,未分类,申饬,073,否,凤姐虽未大愈，精神因此比常稍减，今见贾母如此说，便忙道：“偏生我又病了。”遂回头命人速传林之孝家的等总理家事四个媳妇到来，当着贾母申饬了一顿。
林如海,贾敏,亲属,夫妻,002,是,目今你贵东家林公之夫人，即荣府中赦，政二公之胞妹，在家时名唤贾敏。
林如海,林黛玉,亲属,父女,"002,003,012",是,今如海年已四十，只有一个三岁之子，偏又于去岁死了。虽有几房姬妾，奈他命中无子，亦无可如何之事。今只有嫡妻贾氏，生得一女，乳名黛玉
林如海,贾雨村,未分类,做馆,002,否,因此我就辞了馆出来。如今在这巡盐御史林家做馆了。
林如海,贾母,亲属,岳母女婿,003,是,都中家岳母念及小女无人依傍教育，前已遣了男女船只来接
林如海,贾赦,亲属,内兄,003,是,大内兄现袭一等将军，名赦，字恩侯
林如海,贾政,亲属,内兄,003,是,二内兄名政，字存周，现任工部员外郎
林如海,贾政,未分类,妹夫,092,否,只因舍妹丈林如海林公在扬州巡盐的时候
林如海,贾雨村,未分类,东家与西席,092,否,只因舍妹丈林如海林公在扬州巡盐的时候，请他在家做西席
林妹妹的母亲,林黛玉,亲属,母女,074,是,只说如今你林妹妹的母亲，未出阁时，是何等的娇生惯养，是何等的金尊玉贵，那才象个千金小姐的体统。
林黛玉,贾敏,亲属,母女,002,是,今只有嫡妻贾氏，生得一女，乳名黛玉
林黛玉,贾母,未分类,外祖母外孙女,"003,082",否,只见两个人搀着一位鬓发如银的老母迎上来，黛玉便知是他外祖母。
林黛玉,贾宝玉,亲属,表兄妹,"003,116",是,宝玉早已看见多了一个姊妹，便料定是林姑妈之女，忙来作揖。
林黛玉,贾赦,亲属,舅甥,003,是,也曾听见母亲说过，大舅贾赦之子贾琏
林黛玉,贾政,亲属,舅甥,"003,092",是,只是还要过去拜见二舅舅，恐领了赐去不恭
林黛玉,邢夫人,亲属,舅母外甥女,003,是,我带了外甥女过去，倒也便宜。
林黛玉,王夫人,亲属,舅母外甥女,003,是,这是你大舅母，这是你二舅母；这是你先珠大哥的媳妇珠大嫂子
林黛玉,王熙凤,亲属,嫂子,003,是,只见众姊妹都忙告诉他道：“这是琏嫂子。”
林黛玉,王嬷嬷,主仆,奶娘,003,是,黛玉只带了两个人来：一个是自幼奶娘王嬷嬷，一个是十岁的小丫头，亦是自幼随身的，名唤作雪雁。
林黛玉,雪雁,主仆,主仆,"003,029,089,090,097",是,黛玉只带了两个人来：一个是自幼奶娘王嬷嬷，一个是十岁的小丫头，亦是自幼随身的，名唤作雪雁。
林黛玉,鹦哥,主仆,主仆,003,是,当下，王嬷嬷与鹦哥陪侍黛玉在碧纱橱内。
林黛玉,贾雨村,未分类,师生,"003,082,092",否,那女学生黛玉，身体方愈，原不忍弃父而往
林黛玉,贾母,情感,怜爱,005,是,林黛玉自在荣府以来，贾母万般怜爱
林黛玉,贾宝玉,情感,亲密友爱,005,是,就是宝玉黛玉二人的亲密友爱，也较别人不同，日则同行同坐，夜则同止同息，真是言和意顺，略无参商。
林黛玉,薛宝钗,冲突,不忿,005,是,因此黛玉心中便有些不忿，宝钗却是浑然不觉。
林黛玉,薛姨妈,事件,送花,007,否,剩下六枝送林姑娘两枝
林黛玉,贾母,未分类,留解闷,007,否,只留宝玉黛玉二人在这边解闷
林黛玉,贾宝玉,未分类,一起解九连环作戏,007,否,谁知此时黛玉不在自己房里，却在宝玉房中，大家解九连环作戏。
林黛玉,雪雁,主仆,主仆（丫鬟）,008,是,可巧黛玉的丫鬟雪雁走来给黛玉送小手炉儿
林黛玉,紫鹃,主仆,主仆（丫鬟）,008,是,雪雁道：“紫鹃姐姐怕姑娘冷，叫我送来的。”
林黛玉,贾宝玉,亲属,兄妹（称呼林妹妹）,008,是,宝玉还让：“林妹妹喝茶。”
林黛玉,薛姨妈,亲属,姨甥（称姨妈）,008,是,黛玉笑道：“姨妈不知道：幸亏是姨妈这里，倘或在别人家，那不叫人家恼吗？难道人家连个手炉也没有，巴巴儿的打家里送了来？不说丫头们太小心，还只当我素日是这么轻狂惯了的呢。”
林黛玉,贾宝玉,亲属,兄妹相称,"009,019,081",是,好妹妹，等我下了学再吃饭。和胭脂膏子也等我来再制。
林黛玉,贾琏,未分类,同行,012,否,贾琏与林黛玉辞别了贾母等，带领仆从，登舟往扬州去了。
林黛玉,贾琏,事件,送黛玉往扬州,013,否,凤姐儿自贾琏送黛玉往扬州去后
林黛玉,贾宝玉,未分类,因黛玉回去而孤恓,013,否,却说宝玉因近日林黛玉回去，剩得自己孤恓，也不和人顽耍
林黛玉,贾宝玉,亲属,林妹妹（称谓）,014,是,凤姐向宝玉笑道：“你林妹妹可在咱们家住长了。”
林黛玉,贾雨村,未分类,师从之谊,016,否,又与黛玉有师从之谊
林黛玉,贾宝玉,未分类,给荷包,017,否,林黛玉听说，走来瞧瞧，果然一件无存，因向宝玉道：“我给的那个荷包也给他们了？你明儿再想我的东西，可不能够了！”
林黛玉,贾宝玉,未分类,烦作香袋,017,否,将前日宝玉所烦他作的那个香袋儿——才做了一半——赌气拿过来就铰。
林黛玉,贾宝玉,亲属,称好妹妹,"017,022",是,宝玉见他如此，忙回身抢住，笑道：“好妹妹，饶了他罢！”
林黛玉,贾宝玉,事件,请求作香袋,017,否,宝玉道：“好妹妹，明儿另替我作个香袋儿罢。”黛玉道：“那也只瞧我高兴罢了。”
林黛玉,贾宝玉,未分类,看望,019,否,宝玉自去黛玉房中来看视。
林黛玉,薛宝钗,亲属,姐妹相称,"019,034",是,黛玉听了笑道：“阿弥陀佛！到底是我的好姐姐”
林黛玉,贾宝玉,亲属,姑舅姊妹,020,是,头一件，咱们是姑舅姊妹，宝姐姐是两姨姊妹，论亲戚，他比你疏。
林黛玉,贾琏,亲属,称林妹妹,022,是,那林妹妹就是例。往年怎么给林妹妹过的，如今也照依给薛妹妹过就是了。
林黛玉,王熙凤,亲属,称林妹妹,022,是,自然比往年与林妹妹的不同了。
林黛玉,袭人,未分类,称姑娘,022,否,姑娘请站住，有一个字帖儿，瞧瞧是什么话。
林黛玉,贾宝玉,事件,问,023,否,宝玉便问他
林黛玉,贾宝玉,未分类,叫住这里,023,否,我也要叫你住这里呢。
林黛玉,贾宝玉,未分类,拦住,023,否,宝玉着了急，向前拦住说道
林黛玉,贾宝玉,未分类,别,023,否,宝玉听了，忙拿了书，别了黛玉，同袭人回房换衣不提。
林黛玉,贾宝玉,未分类,见去了,023,否,这里林黛玉见宝玉去了
林黛玉,香菱,未分类,相遇,024,否,林黛玉倒唬了一跳，回头看时，不是别人，却是香菱。
林黛玉,香菱,事件,拉手同回,024,否,一面说着，一面拉着黛玉的手回潇湘馆来了。
林黛玉,香菱,未分类,同坐,024,否,林黛玉和香菱坐了。
林黛玉,紫鹃,未分类,寻找,024,否,你们紫鹃也找你呢
林黛玉,王熙凤,事件,送茶,024,否,你们紫鹃也找你呢，说琏二奶奶送了什么茶叶来给你的。
林黛玉,薛宝钗,未分类,叫住,025,否,宝钗便叫：“颦儿急了，还不回来坐着。走了倒没意思。”说着便站起来拉住。
林黛玉,紫鹃,未分类,同做针线,025,否,林黛玉因见宝玉近日烫了脸，总不出门，倒时常在一处说说话儿。这日饭后看了两篇书，自觉无趣，便同紫鹃雪雁做了一回针线
林黛玉,雪雁,未分类,同做针线,025,否,林黛玉因见宝玉近日烫了脸，总不出门，倒时常在一处说说话儿。这日饭后看了两篇书，自觉无趣，便同紫鹃雪雁做了一回针线
林黛玉,贾宝玉,亲属,兄妹称呼,026,是,宝玉笑道：“好丫头，‘若共你多情小姐同鸳帐，怎舍得叠被铺床？’”林黛玉登时撂下脸来，说道：“二哥哥，你说什么？”
林黛玉,紫鹃,主仆,丫鬟伺候,026,是,那两三个婆子见黛玉起来，便笑道：“我们只当姑娘睡着了。”说着，便叫紫鹃说：“姑娘醒了，进来伺侯。”
林黛玉,贾宝玉,未分类,误会,026,否,林黛玉心中益发动了气，左思右想，忽然想起了早起的事来：“必竟是宝玉恼我要告他的原故。但只我何尝告你了，你也打听打听，就恼我到这步田地。你今儿不叫我进来，难道明儿就不见面了！”
林黛玉,贾宝玉,亲属,兄妹,"027,029,031,037,100",是,宝玉和林黛玉是从小儿一处长大，他兄妹间多有不避嫌疑之处
林黛玉,贾迎春,亲属,姐妹,027,是,林妹妹怎么不见？
林黛玉,贾宝玉,亲属,称妹妹,"028,030,067,086",是,宝玉道：‘我心里的事也难对你说，日后自然明白。除了老太太、老爷、太太这三个人，第四个就是妹妹了。要有第五个人，我也说个誓。’
林黛玉,贾宝玉,称谓,称二爷,"028,030",否,林黛玉见问丫头们，便说道：‘凭他谁叫我裁，也不管二爷的事！’
林黛玉,贾宝玉,亲属,称林妹妹,"028,063",是,宝玉道：‘太太不知道，林妹妹是内症，先天生的弱，所以禁不住一点风寒，不过吃两剂煎药就好了，散了风寒，还是吃丸药的好。’
林黛玉,薛宝钗,亲属,称林妹妹,028,是,宝钗也进来问：‘林妹妹作什么呢？’
林黛玉,薛宝钗,亲属,称宝姐姐,"028,030",是,黛玉便拉王夫人道：‘舅母听听，宝姐姐不替他圆谎，他支吾着我。’
林黛玉,王夫人,亲属,称舅母,028,是,黛玉便拉王夫人道：‘舅母听听，宝姐姐不替他圆谎，他支吾着我。’
林黛玉,贾母,未分类,找去吃饭,028,否,只见贾母房里的丫头找宝玉林黛玉去吃饭。
林黛玉,鲍太医,未分类,吃他的药,028,否,王夫人见了林黛玉，因问道：‘大姑娘，你吃那鲍太医的药可好些？’
林黛玉,王大夫,未分类,吃他的药,028,否,林黛玉道：‘也不过这么着。老太太还叫我吃王大夫的药呢。’
林黛玉,贾母,未分类,叫吃王大夫的药,028,否,林黛玉道：‘也不过这么着。老太太还叫我吃王大夫的药呢。’
林黛玉,贾宝玉,未分类,让二爷留着,028,否,紫绡答应了，拿了去，不一时回来说：‘林姑娘说了，昨儿也得了，二爷留着罢。’
林黛玉,薛宝钗,称谓,称宝姑娘,028,否,林黛玉昨日所恼宝玉的心事早又丢开，又顾今日的事了，因说道：‘我没这么大福禁受，比不得宝姑娘，什么金什么玉的，我们不过是草木之人！’
林黛玉,贾宝玉,未分类,用帕子甩,028,否,口里说着，将手里的帕子一甩，向宝玉脸上甩来。宝玉不防，正打在眼上
林黛玉,薛宝钗,事件,问站风口,028,否,宝钗道：‘你又禁不得风吹，怎么又站在那风口里？’
林黛玉,贾宝玉,未分类,说这里有老虎,028,否,林黛玉道：‘你倒是去罢，这里有老虎，看吃了你！’说着又裁。
林黛玉,贾宝玉,未分类,不叫宝玉,028,否,林黛玉也不叫宝玉，便起身拉了那丫头就走。
林黛玉,贾宝玉,未分类,说宝玉不吃饭,028,否,林黛玉道：‘他不吃饭了，咱们走。我先走了。’
林黛玉,贾宝玉,事件,问林妹妹在哪里,028,否,因问：‘林妹妹在那里？’贾母道：‘里头屋里呢。’
林黛玉,紫鹃,主仆,主仆,"029,035,059,070,079,085,089,090,094,096,104,111,113,118",是,林黛玉的丫头紫鹃，雪雁，春纤
林黛玉,贾宝玉,未分类,角口,030,否,话说林黛玉与宝玉角口后，也自后悔，但又无去就他之理，因此日夜闷闷，如有所失。
林黛玉,紫鹃,未分类,称姑娘,030,否,紫鹃笑道：“好好的，为什么又剪了那穗子？岂不是宝玉只有三分不是，姑娘倒有七分不是。我看他素日在姑娘身上就好，皆因姑娘小性儿，常要歪派他，才这么样。”
林黛玉,贾宝玉,事件,拉手,030,否,宝玉见他摔了帕子来，忙接住拭了泪，又挨近前些，伸手拉了林黛玉一只手，笑道：“我的五脏都碎了，你还只是哭。走罢，我同你往老太太跟前去。”
林黛玉,王熙凤,主仆,拉走、称伏侍,030,是,说着拉了林黛玉就走。林黛玉回头叫丫头们，一个也没有。凤姐道：“又叫他们作什么，有我伏侍你呢。”
林黛玉,贾宝玉,社会,知己,032,是,素日认他是个知己，果然是个知己。
林黛玉,贾宝玉,事件,赠帕,034,否,晴雯忙答道：“晴雯。”黛玉道：“做什么？”晴雯道：“二爷送手帕子来给姑娘。”
林黛玉,贾宝玉,未分类,敬重,036,否,独有林黛玉自幼不曾劝他去立身扬名等语，所以深敬黛玉。
林黛玉,薛宝钗,未分类,相约,036,否,宝钗因约黛玉往藕香榭去，黛玉回说立刻要洗澡，便各自散了。
林黛玉,袭人,未分类,说话,036,否,正值林黛玉和袭人坐着说话儿呢。
林黛玉,贾母,亲属,外祖母与外孙女儿,040,是,贾母笑指黛玉道：“这是我这外孙女儿的屋子。”
林黛玉,贾宝玉,未分类,向黛玉笑说,041,否,宝玉因下席过来向黛玉笑道：“你瞧刘姥姥的样子。”
林黛玉,贾宝玉,未分类,答话,041,否,宝玉因下席过来向黛玉笑道：“你瞧刘姥姥的样子。”黛玉笑道：“当日圣乐一奏，百兽率舞，如今才一牛耳。”
林黛玉,薛宝钗,未分类,叫,042,否,宝钗便叫黛玉道：“颦儿跟我来，有一句话问你。”
林黛玉,薛宝钗,称谓,称呼,042,否,黛玉一想，方想起来昨儿失于检点，那《牡丹亭》《西厢记》说了两句，不觉红了脸，便上来搂着宝钗，笑道：“好姐姐，原是我不知道随口说的。你教给我，再不说了。”
林黛玉,薛宝钗,事件,告诉,042,否,因拉他坐下吃茶，款款的告诉他道
林黛玉,薛宝钗,未分类,暗伏,042,否,一席话，说的黛玉垂头吃茶，心下暗伏，只有答应”是”的一字。
林黛玉,贾惜春,未分类,取笑,042,否,众人知道他是取笑惜春
林黛玉,贾宝玉,未分类,使眼色,042,否,宝玉和黛玉使个眼色儿。黛玉会意
林黛玉,薛宝钗,未分类,拉,042,否,林黛玉早红了脸，拉着宝钗说：“咱们放他一年的假罢。”
林黛玉,贾探春,未分类,拉,042,否,黛玉又看了一回单子，笑着拉探春悄悄的道：“你瞧瞧，画个画儿又要这些水缸箱子来了。想必他糊涂了，把他的嫁妆单子也写上了。”
林黛玉,薛宝钗,未分类,按,042,否,宝钗笑道：“不用问，狗嘴里还有象牙不成！”一面说，一面走上来，把黛玉按在炕上，便要拧他的脸。
林黛玉,薛宝钗,事件,求饶,042,否,黛玉笑着忙央告：“好姐姐，饶了我罢！颦儿年纪小，只知说，不知道轻重，作姐姐的教导我。姐姐不饶我，还求谁去？”
林黛玉,薛宝钗,未分类,放,042,否,宝钗原是和他顽，忽听他又拉扯前番说他胡看杂书的话，便不好再和他厮闹，放起他来。
林黛玉,贾母,情感,疼爱,"042,083,097",是,宝钗笑指他道：“怪不得老太太疼你，众人爱你伶俐，今儿我也怪疼你的了。过来，我替你把头发拢一拢。”黛玉果然转过身来，宝钗用手拢上去。
林黛玉,薛宝钗,未分类,拢发,042,否,宝钗笑指他道：“怪不得老太太疼你，众人爱你伶俐，今儿我也怪疼你的了。过来，我替你把头发拢一拢。”黛玉果然转过身来，宝钗用手拢上去。
林黛玉,薛宝钗,未分类,望候,045,否,这日宝钗来望他，因说起这病症来。
林黛玉,薛宝钗,未分类,感激,045,否,从前日你说看杂书不好，又劝我那些好话，竟大感激你。
林黛玉,薛宝钗,未分类,同病相怜,045,否,咱们也算同病相怜。
林黛玉,薛宝钗,事件,送燕窝,045,否,我明日家去和妈妈说了，只怕我们家里还有，与你送几两
林黛玉,贾宝玉,事件,赠灯,045,否,黛玉听说，回手向书架上把个玻璃绣球灯拿了下来，命点一支小蜡来，递与宝玉
林黛玉,紫鹃,主仆,伏侍,045,是,紫鹃收起燕窝，然后移灯下帘，伏侍黛玉睡下。
林黛玉,薛宝钗,未分类,感念,045,否,黛玉自在枕上感念宝钗
林黛玉,香菱,社会,师徒,048,是,黛玉笑道：“既要作诗，你就拜我作师。我虽不通，大略也还教得起你。”香菱笑道：“果然这样，我就拜你作师。你可不许腻烦的。”
林黛玉,紫娟,事件,命,048,否,黛玉听说，便命紫娟将王右丞的五言律拿来，递与香菱
林黛玉,贾宝玉,未分类,劝慰,049,否,宝玉深知其情，十分劝慰了一番方罢。
林黛玉,薛宝琴,亲属,亲敬如姊妹,049,是,一时林黛玉又赶着宝琴叫妹妹，并不提名道姓，直是亲姊妹一般。
林黛玉,薛宝琴,未分类,亲敬,049,否,其中又见林黛玉是个出类拔萃的，便更与黛玉亲敬异常。
林黛玉,赵姨娘,未分类,探望,052,否,只见赵姨娘走了进来瞧黛玉
林黛玉,薛宝钗,称谓,称呼：颦儿,052,否,宝钗笑道：“偏这个颦儿惯说这些白话，把你就伶俐的。”
林黛玉,薛宝琴,事件,赠予,052,否,琴妹妹送你的，如何又转送人
林黛玉,贾宝玉,未分类,代饮/斟酒,054,否,至黛玉前，偏他不饮，拿起杯来，放在宝玉唇上边，宝玉一气饮干。黛玉笑说：‘多谢。’宝玉替他斟上一杯。
林黛玉,贾母,未分类,搂在怀中,054,否,林黛玉禀气柔弱，不禁毕驳之声，贾母便搂他在怀中。
林黛玉,薛姨妈,情感,疼爱,057,是,薛姨妈道：“也怨不得他伤心，可怜没父母，到底没个亲人。”又摩娑黛玉笑道：“好孩子别哭。你见我疼你姐姐你伤心了，你不知我心里更疼你呢。
林黛玉,贾宝玉,事件,议亲,057,否,我想着，你宝兄弟老太太那样疼他，他又生的那样，若要外头说去，断不中意。不如竟把你林妹妹定与他，岂不四角俱全？
林黛玉,贾宝玉,未分类,从小一处长大,057,否,宝玉本来心实，可巧林姑娘又是从小儿来的，他姊妹两个一处长了这么大，比别的姊妹更不同。
林黛玉,贾母,未分类,心疼接来,057,否,我们姑娘来时，原是老太太心疼他年小，虽有叔伯，不如亲父母，故此接来赘年。
林黛玉,紫鹃,主仆,服侍,"057,081,083,098",是,紫鹃正伏侍黛玉吃药
林黛玉,琥珀,主仆,服侍,057,是,另将琥珀去伏侍黛玉
林黛玉,雪雁,未分类,遣探,057,否,黛玉不时遣雪雁来探消息
林黛玉,薛姨妈,未分类,照管,058,否,便挪至潇湘馆来和黛玉同房，一应药饵饮食十分经心。
林黛玉,薛宝钗,亲属,以姐姐呼之,058,是,黛玉感戴不尽，以后便亦如宝钗之呼，连宝钗前亦直以姐姐呼之
林黛玉,薛宝琴,亲属,以妹妹呼之,058,是,宝琴前直以妹妹呼之
林黛玉,藕官,未分类,指与,058,否,将小生藕官指与了黛玉
林黛玉,袭人,事件,同生日,062,否,他和林妹妹是一日，所以他记的。
林黛玉,袭人,未分类,同辰,063,否,黛玉与他同辰
林黛玉,薛姨妈,未分类,接黛玉,063,否,原来是薛姨妈打发人来了接黛玉的。
林黛玉,贾宝玉,情感,情投意合,064,是,只因他虽说和黛玉一处长大，情投意合，又愿同生死，却只是心中领会，从来未曾当面说出。
林黛玉,贾宝玉,事件,将来婚配（兴儿说）,066,否,只是他已有了，只未露形。将来准是林姑娘定了的。因林姑娘多病，二则都还小，故尚未及此。再过三二年，老太太便一开言，那是再无不准的了。
林黛玉,薛宝钗,亲属,姊妹（自称）,067,是,宝玉巴不得黛玉出去散散闷，解了悲痛，便道：“宝姐姐送咱们东西，咱们原该谢谢去。”黛玉道：“自家姊妹，这倒不必。”
林黛玉,紫鹃,未分类,劝解,067,否,紫鹃深知黛玉心肠，但也不敢说破，只在一旁劝道
林黛玉,薛宝琴,亲属,称呼林姐姐,071,是,在园里林姐姐屋里大家说话的。
林黛玉,贾迎春,亲属,迎春称林妹妹,073,是,方才连宝姐姐林妹妹大伙儿说情，老太太还不依
林黛玉,贾迎春,亲属,黛玉称迎春二姐姐,073,是,若使二姐姐是个男人
林黛玉,贾宝玉,未分类,说话,082,否,宝玉道：“我这会子懒待动了，只和妹妹坐着说一会子话儿。”
林黛玉,紫鹃,事件,使唤,082,否,黛玉微微的一笑，因叫紫鹃：“把我的龙井茶给二爷沏一碗。二爷如今念书了，比不的头里。”
林黛玉,袭人,未分类,探望,"082,083",否,便把活计放下，走到黛玉处去探探他的口气。
林黛玉,薛宝钗,事件,送物,082,否,因问道：“宝姑娘叫你来送什么？”婆子方笑着回道：“我们姑娘叫给姑娘送了一瓶儿蜜饯荔枝来。”
林黛玉,邢夫人,亲属,舅母,082,是,只见邢夫人向王夫人使个眼色儿，“他还不信呢，咱们走罢。”黛玉含着泪道：“二位舅母坐坐去。”
林黛玉,王夫人,亲属,舅母,082,是,只见邢夫人向王夫人使个眼色儿，“他还不信呢，咱们走罢。”黛玉含着泪道：“二位舅母坐坐去。”
林黛玉,王熙凤,亲属,称凤姐姐,082,是,黛玉又恍惚父亲果在那里做官的样子，心上急着硬说道：“没有的事，都是凤姐姐混闹。”
林黛玉,贾雨村,未分类,作媒,082,否,因托了贾雨村作媒，将你许了你继母的什么亲戚，还说是续弦，所以着人到这里来接你回去。
林黛玉,继母,未分类,继母继女,082,否,都是你继母作主。
林黛玉,琏二哥哥,未分类,称哥哥,082,否,怕的是道儿上没有照应，还叫你琏二哥哥送去。
林黛玉,雪雁,事件,回话,082,否,雪雁进来回了黛玉，黛玉便叫领他进来。
林黛玉,贾探春,未分类,探望,082,否,于是探春湘云扶了小丫头，都到潇湘馆来。进入房中，黛玉见他二人，不免又伤心起来。
林黛玉,贾惜春,亲属,称林姐姐,082,是,惜春道：“林姐姐那样一个聪明人，我看他总有些瞧不破，一点半点儿都要认起真来。”
林黛玉,贾宝玉,未分类,许了我,082,否,你原是许了我的，所以你才到我们这里来。
林黛玉,贾探春,亲属,姐妹,083,是,我来看你是姊妹们应该的，你又少人伏侍。
林黛玉,雪雁,主仆,服侍,083,是,紫鹃扶着黛玉躺在床上，地下诸事，自有雪雁照料，自己只守着旁边
林黛玉,贾母,主仆,称呼林丫头,084,是,林丫头那孩子倒罢了，只是心重些，所以身子就不大很结实了。
林黛玉,贾宝玉,亲属,兄妹（称谓）,085,是,宝玉此时喜的无话可说，忙给贾母道了喜，又给邢王二夫人道喜，一一见了众姐妹，便向黛玉笑道：“妹妹身体可大好了？”
林黛玉,王夫人,亲属,外甥女,085,是,王夫人因道：“可是呢，后日还是外甥女儿的好日子呢。”
林黛玉,薛宝钗,亲属,姐妹（称谓）,085,是,那黛玉留神一看，独不见宝钗，便问道：“宝姐姐可好么？为什么不过来？”
林黛玉,薛宝琴,亲属,姐妹（称谓）,085,是,走过来说道：“恕我健忘，回来叫宝琴过来拜姐姐的寿。”
林黛玉,薛宝钗,情感,惺惺相惜（宝钗寄书黛玉）,087,是,黛玉看了，不胜伤感。又想：“宝姐姐不寄与别人，单寄与我，也是惺惺惜惺惺的意思。”
林黛玉,贾母,未分类,外祖母与外孙女,"087,098",否,姑娘是老太太的外孙女儿，又是老太太心坎儿上的。
林黛玉,紫鹃,主仆,主仆（紫鹃称黛玉姑娘）,087,是,紫鹃道：“姑娘这话也是多想。姑娘是老太太的外孙女儿，又是老太太心坎儿上的。别人求其在姑娘跟前讨好儿还不能呢，那里有抱怨的。”
林黛玉,雪雁,事件,主仆（黛玉吩咐雪雁）,087,否,黛玉在屋里已听见了，吩咐雪雁告诉那老婆子回去说，叫他费心。
林黛玉,贾探春,亲属,以姐妹相称（称林姐姐）,087,是,探春笑道：“林姐姐终不脱南边人的话，这大九月里的，那里还有桂花呢。”
林黛玉,贾宝玉,未分类,旧事（黛玉初来时和宝玉的旧事）,087,否,不料这几句话更提起黛玉初来时和宝玉的旧事来，一发珠泪连绵起来。
林黛玉,贾宝玉,称谓,称呼,089,否,说着，一径出来，到了潇湘馆中，在院里问道：“林妹妹在家里呢么？”
林黛玉,贾母,未分类,怜恤,089,否,那黛玉虽有贾母王夫人等怜恤，不过请医调治，只说黛玉常病，那里知他的心病。
林黛玉,王夫人,未分类,怜恤,089,否,那黛玉虽有贾母王夫人等怜恤，不过请医调治，只说黛玉常病，那里知他的心病。
林黛玉,薛姨妈,未分类,探望,089,否,薛姨妈来看，黛玉不见宝钗，越发起疑心
林黛玉,贾宝玉,未分类,从小儿在一处,090,否,宝玉和林丫头是从小儿在一处的
林黛玉,贾宝玉,亲属,兄妹（称妹妹）,091,是,宝玉道：‘妹妹回来了。’
林黛玉,紫鹃,主仆,主仆（称姑娘）,091,是,紫鹃道：‘上屋里去了。知道姨太太过来，姑娘请安去了。’
林黛玉,贾宝玉,情感,相好,096,是,他两个因从小儿在一处，所以宝玉和林姑娘又好些。
林黛玉,紫鹃,亲属,伏侍/情同姐妹,097,是,妹妹，你是我最知心的，虽是老太太派你伏侍我这几年，我拿你就当我的亲妹妹。
林黛玉,王奶奶,未分类,奶妈,097,否,紫鹃觉得不妥，叫了黛玉的奶妈王奶奶来。
林黛玉,贾宝玉,冲突,怨恨,"097,099",是,紫鹃早已知他是恨宝玉，却也不敢说破，只说：“姑娘何苦自己又生气！”
林黛玉,贾宝玉,未分类,痴情,097,否,宝玉说道：“我有一个心，前儿已交给林妹妹了。他要过来，横竖给我带来，还放在我肚子里头。”
林黛玉,王大夫,未分类,诊治,097,否,王大夫同着贾琏进来，诊了脉，说道：“尚不妨事。这是郁气伤肝，肝不藏血，所以神气不定。如今要用敛阴止血的药，方可望好。”
林黛玉,贾宝玉,未分类,故人,098,否,那人道：“故人是谁？”宝玉道：“姑苏林黛玉。”
林黛玉,贾宝玉,未分类,旧情,104,否,都为的是林姑娘。你说我并不是负心的
柳五儿,柳家的,亲属,母女,"060,061",是,原来这柳家的有个女儿，今年才十六岁，虽是厨役之女，却生的人物与平、袭、紫、莺皆类。因他排行第五，因叫他是五儿。
柳五儿,钱槐,事件,欲娶为妻,060,否,素日看上了柳家的五儿标致，和父母说了，欲娶他为妻。
柳五儿,芳官,事件,赠物,"060,061",否,芳官笑道：“就剩了这些，连瓶子都给你们罢。”五儿听了，方知是玫瑰露，忙接了，谢了又谢。
柳五儿,贾宝玉,事件,问五儿之事,063,否,便问五儿之事。
柳五儿,芳官,事件,曾在一处,087,否,你才说的五儿，不是那日和宝二爷那边的芳官在一处的那个女孩儿？
柳五儿,柳家的女人,亲属,母女,101,是,还有一件事，那一天我瞧见厨房里柳家的女人他女孩儿，叫什么五儿，那丫头长的和晴雯脱了个影儿似的。
柳五儿,薛宝钗,主仆,主仆,109,是,宝钗因命麝月五儿给宝玉仍在外间铺设了，又嘱咐两个人醒睡些，要茶要水都留点神儿。
柳五儿,贾宝玉,主仆,主仆,109,是,那五儿自从芳官去后，也无心进来了。后来听见凤姐叫他进来伏侍宝玉，竟比宝玉盼他进来的心还急。
柳五儿,王熙凤,主仆,主仆,109,是,那五儿自从芳官去后，也无心进来了。后来听见凤姐叫他进来伏侍宝玉，竟比宝玉盼他进来的心还急。
柳家媳妇,柳家媳妇之妹,亲属,姐妹,"073,074",是,一个就是园内厨房内柳家媳妇之妹
柳家的,芳官,未分类,央托,060,否,如今便和芳官说了，央芳官去与宝玉说。
柳彪,柳芳,亲属,祖孙,014,是,理国公柳彪之孙现袭一等子柳芳
柳湘莲,赖尚荣,未分类,交好,047,否,那赖大之子赖尚荣与他素习交好
柳湘莲,薛蟠,未分类,相交,047,否,正要与他相交，恨没有个引进
柳湘莲,薛蟠,亲属,结拜兄弟,066,是,我谢他又不受，所以我们结拜了生死弟兄，如今一路进京。从此后我们是亲弟亲兄一般。
柳湘莲,薛蟠,未分类,曾经打过,066,否,去年因打了薛呆子，他不好意思见我们的
柳湘莲,薛蟠,未分类,被救/恩人,066,否,不想柳二弟从那边来了，方把贼人赶散，夺回货物，还救了我们的性命。
柳湘莲,贾宝玉,未分类,交好,066,否,次日又来见宝玉，二人相会，如鱼得水。
柳湘莲,薛姨妈,未分类,感恩,066,否,听见湘莲来了，请入卧室相见。薛姨妈也不念旧事，只感新恩，母子们十分称谢。
柳湘莲,疯道人,主仆,跟随,067,是,竟自截发出家，跟随疯道人飘然而去
柳湘莲,薛蟠,亲属,义兄弟,067,是,他不是已经许定给你哥哥的义弟柳湘莲了么
柳湘莲,薛姨妈,未分类,报恩,067,否,正是高高兴兴要打算替他买房子，治家伙，择吉迎娶，以报他救命之恩。
柳湘莲,薛蟠,未分类,称柳二哥,067,否,薛蟠道：“妈妈可知道柳二哥尤三姐的事么？”
梅翰林,薛宝琴,未分类,许配,057,否,紫鹃笑道：“年里我听见老太太说，要定下琴姑娘呢。不然那么疼他？”宝玉笑道：“人人只说我傻，你比我更傻。不过是句顽话，他已经许给梅翰林家了。
梅翰林之子,薛宝琴,未分类,婚约,049,否,因当年父亲在京时已将胞妹薛宝琴许配都中梅翰林之子为婚
梅翰林的儿子,薛宝琴,未分类,许配,050,否,那年在这里，把他许了梅翰林的儿子
檀云,贾宝玉,主仆,主仆,052,是,才命秋纹檀云等进来，一同伏侍宝玉梳洗毕。
毕大夫,贾宝玉,未分类,诊治,098,否,立即到外书房请了毕大夫进来诊视。
水溶,贾宝玉,未分类,谒见,014,否,贾宝玉路谒北静王
水溶,贾珍,社会,世交,014,是,贾珍道：“犬妇之丧，累蒙郡驾下临，荫生辈何以克当。”水溶笑道：“世交之谊，何出此言。”
水溶,贾政,社会,世交,014,是,贾珍急命前面驻扎，同贾赦贾政三人连忙迎来，以国礼相见。水溶在轿内欠身含笑答礼，仍以世交称呼接待，并不妄自尊大。
水溶,贾赦,社会,世交,014,是,贾珍急命前面驻扎，同贾赦贾政三人连忙迎来，以国礼相见。水溶在轿内欠身含笑答礼，仍以世交称呼接待，并不妄自尊大。
水溶,贾宝玉,未分类,初会,015,否,水溶又将腕上一串念珠卸了下来，递与宝玉道：“今日初会，仓促竟无敬贺之物，此是前日圣上亲赐....香念珠一串，权为贺敬之礼。”
水溶,贾政,未分类,世翁,015,否,水溶见他语言清楚，谈吐有致，一面又向贾政笑道：“令郎真乃龙驹凤雏，非小王在世翁前唐突，将来‘雏凤清于老凤声.. ’，未可量也。”
沁香,贾芹,未分类,勾搭,093,否,因那小沙弥中有个名叫沁香的和女道士中有个叫做鹤仙的，长得都甚妖娆，贾芹便和这两个人勾搭上了。
沙弥道士,老尼,未分类,收管,093,否,沙弥与道士原系老尼收管，日间教他些经忏。
清客相公,贾政,未分类,清客,009,否,正在书房中与相公清客们闲谈。
潘三保,老东西,未分类,买嘱,081,否,潘三保便买嘱了这老东西，因他常到当铺里去，那当铺里人的内眷都与他好的。
焦大,赖二,冲突,骂,007,是,先骂大总管赖二
焦大,贾蓉,冲突,骂,007,是,那焦大那里把贾蓉放在眼里？反大叫起来，赶着贾蓉叫：‘蓉哥儿，你别在焦大跟前使主子性儿！’
焦大,贾珍,未分类,不理,007,否,你珍大哥哥也不理他。
牛清,牛继宗,亲属,祖孙,014,是,有镇国公牛清之孙现袭一等伯牛继宗
狗儿,王成,亲属,父子,006,是,王成亦新近身故，有子小名狗儿
狗儿,青儿,亲属,父女,006,是,又生一女，名唤青儿
玉官,袭人,未分类,玩笑,030,否,可巧小生宝官，正旦玉官等两个女孩子，正在怡红院和袭人玩笑，被大雨阻住。
玉官,贾宝玉,未分类,让坐,036,否,只见宝官玉官都在院内，见宝玉来了，都笑嘻嘻的让坐。
玉爱,薛蟠,未分类,相知,009,否,亦因知系薛蟠相知，故未敢轻举妄动。
玉爱,金荣,未分类,口角,009,否,玉爱偏又听了不忿，两个人隔座咕咕唧唧的角起口来。
玉钏儿,贾环,事件,使唤,025,否,那贾环正在王夫人炕上坐着，命人点灯，拿腔作势的抄写。一时又叫彩云倒杯茶来，一时又叫玉钏儿来剪剪蜡花，一时又说金钏儿挡了灯影。
玉钏儿,王夫人,事件,呼唤,030,否,王夫人便叫玉钏儿：“把你妈叫来，带出你姐姐去。”
玉钏儿,金钏儿,亲属,姐妹,"030,035,036",是,王夫人便叫玉钏儿：“把你妈叫来，带出你姐姐去。”
玉钏儿,王夫人,主仆,主仆,035,是,王夫人回头见玉钏儿在那边，便令玉钏与宝玉送去。
玉钏儿,王夫人,主仆,跟随,036,是,就把这一两银子给他妹妹玉钏儿罢。他姐姐伏侍了我一场，没个好结果，剩下他妹妹跟着我，吃个双分子也不为过逾了。
玉钏儿,王熙凤,未分类,道喜,036,否,凤姐答应着，回头找玉钏儿，笑道：“大喜，大喜。”玉钏儿过来磕了头。
玉钏儿,王夫人,未分类,传话,081,否,只见玉钏儿走来对王夫人道：“老爷要找一件什么东西，请太太伺候了老太太的饭完了自己去找一找呢。”
王仁,王熙凤,亲属,兄妹,"014,049,101,114",是,里面凤姐见日期有限，也预先逐细分派料理，一面又派荣府中车轿人从跟王夫人送殡；又顾自己送殡去占下处。目今正值缮国公诰命亡故，王邢二夫人又去打祭送殡，西安郡王妃华诞，送寿礼；镇国公诰命生了长男，预备贺礼；又有胞兄王仁连家眷回南，一面写家信禀叩父母并带往之物；
王仁,王熙凤,未分类,胞兄/胞妹,095,否,凤姐胞兄王仁知道叔叔入了内阁
王仁,贾琏,未分类,大舅儿（王仁是贾琏亲大舅儿）,101,否,凤姐听了，才知王仁所行如此。但他素性要强护短，听贾琏如此说，便道：“凭他怎么样，到底是你的亲大舅儿。”
王仁,贾琏,未分类,受托人情,101,否,这如今因海疆的事情御史参了一本，说是大舅太爷的亏空，本员已故，应着落其弟王子胜，侄王仁赔补。爷儿两个急了，找了我给他们托人情。
王仁,贾琏,未分类,大舅子,114,否,即刻打发人去请他大舅子王仁过来。
王仁,贾琏,未分类,托付照应,117,否,只有巧姐儿惨伤的了不得，贾琏又欲托王仁照应，巧姐到底不愿意
王仁,邢大舅,未分类,同席喝酒,117,否,一日邢大舅王仁都在贾家外书房喝酒，一时高兴，叫了几个陪酒的来唱着喝着劝酒。
王仁,贾环,未分类,同谋,119,否,贾环听说，喜欢的了不得，连忙答应了出来，赶着和贾芸说了，邀着王仁到那外藩公馆立文书兑银子去了。
王仁,贾芸,未分类,同谋,119,否,贾环听说，喜欢的了不得，连忙答应了出来，赶着和贾芸说了，邀着王仁到那外藩公馆立文书兑银子去了。
王住儿媳妇,迎春之乳母,亲属,婆媳,073,是,迎春乳母子媳王住儿媳妇正因他婆婆得了罪，来求迎春去讨情
王住儿媳妇,贾迎春,未分类,奶嫂,073,否,但他现是姑娘的奶嫂，据姑娘怎么样为是？
王兴媳妇,王熙凤,未分类,管理,014,否,凤姐且不发放这人，却先问：“王兴媳妇作什么？”
王君效,王太医,未分类,叔祖,042,否,王太医忙躬身低头，含笑回说：“那是晚晚生家叔祖。”
王君效,贾母,未分类,认识,042,否,贾母道：“当日太医院正堂王君效，好脉息。”
王善保家的,邢夫人,未分类,陪房,074,否,忽见邢夫人的陪房王善保家的走来，方才正是他送香囊来的。
王太医,贾珍,未分类,引领,042,否,一时只见贾珍、贾琏、贾蓉三个人将王太医领来。
王太医,贾琏,未分类,引领,042,否,一时只见贾珍、贾琏、贾蓉三个人将王太医领来。
王太医,贾蓉,未分类,引领,042,否,一时只见贾珍、贾琏、贾蓉三个人将王太医领来。
王太医,贾宝玉,未分类,迎接,042,否,又见宝玉迎了出来。
王太医,贾母,未分类,诊脉,042,否,王太医便屈一膝坐下，歪着头诊了半日，又诊了那只手，忙欠身低头退出。
王太医,贾母,社会,世交,042,是,贾母听了，笑道：“原来这样，也是世交了。”
王太医,贾母,事件,问候,042,否,贾母见他穿着六品服色，便知御医了，也便含笑问：“供奉好？”
王太医,贾母,事件,请安,"042,057",否,王太医便不敢抬头，忙上来请了安。
王太医,贾宝玉,未分类,诊病,057,否,王太医进来见许多的人，忙上去请了贾母的安，拿了宝玉的手诊了一回。
王夫人,贾政,亲属,夫妻,"003,004,033,081,096,110,113",是,王夫人因说：“你舅舅今日斋戒去了
王夫人,王熙凤,亲属,内侄女,003,是,娶的就是二舅母王氏之内侄女
王夫人,贾宝玉,亲属,母子,"003,025,033,034,046,054,070,077,097,098,113,115,119",是,二舅母生的有个表兄，乃衔玉而诞，顽劣异常，极恶读书，最喜在内帏厮混；
王夫人,薛姨妈,亲属,姐妹,"004,046",是,寡母王氏乃现任京营节度使王子腾之妹，与荣国府贾政的夫人王氏，是一母所生的姊妹
王夫人,薛蟠,亲属,姨甥,004,是,你贾家姨娘未必不苦留我们
王夫人,贾二老爷,亲属,夫妻,006,是,如今现是荣国府贾二老爷的夫人
王夫人,王夫人之父,亲属,父女,006,是,凤姐之祖王夫人之父
王夫人,王熙凤,亲属,姑侄,"006,043,096",是,就是太太的内侄女儿，大舅老爷的女孩儿，小名儿叫凤哥的。
王夫人,金钏儿,主仆,主仆,"007,032,033",是,只见王夫人的丫鬟金钏儿和那一个才留头的小女孩儿站在台阶儿上玩呢
王夫人,薛姨妈,未分类,说话,007,否,王夫人正和薛姨妈长篇大套的
王夫人,王熙凤,事件,回话,"007,023,036",否,至掌灯时，凤姐卸了妆，来见王夫人回说
王夫人,薛蟠,未分类,借住,009,否,原来薛蟠自来王夫人处住后
王夫人,贾珍,未分类,王夫人为贾珍婶子,011,否,贾珍率领众子侄都在车旁侍立，等候着呢，见了邢夫人、王夫人道：“二位婶子明日还过来逛逛。”
王夫人,王熙凤,事件,命令,012,否,王夫人命凤姐秤二两给他
王夫人,王熙凤,事件,问答,013,否,王夫人悄悄的道：“你可能么？”凤姐道：“有什么不能的。”
王夫人,贾珍,亲属,婶侄,013,是,婶子的意思侄儿猜着了，是怕大妹妹劳苦了。
王夫人,王熙凤,未分类,交与,015,否,王夫人无法，只得交与凤姐便回来了。
王夫人,贾母,事件,带领,016,否,贾母带领邢夫人、王夫人、尤氏，一共四乘大轿入朝。
王夫人,贾环,未分类,怕,020,否,贾环素日怕凤姐比怕王夫人更甚，听见叫他，忙唯唯的出来。
王夫人,贾政,未分类,商议,023,否,王夫人听了，便商之于贾政。
王夫人,贾宝玉,未分类,拉坐,023,否,王夫人便拉他在身旁坐下。
王夫人,贾宝玉,未分类,见过,024,否,见过贾母、王夫人等，各自回房安息。
王夫人,贾环,事件,命,025,否,可巧王夫人见贾环下了学，便命他来抄个《金刚咒》唪诵唪诵。
王夫人,贾环,冲突,骂,025,是,王夫人又急又气，一面命人来替宝玉擦洗，一面又骂贾环。
王夫人,赵姨娘,冲突,骂,025,是,那王夫人不骂贾环，便叫过赵姨娘来骂道：
王夫人,王熙凤,未分类,拜见,025,否,只见凤姐来了，拜见过王夫人。
王夫人,王子腾夫人,事件,请客,025,否,原来次日就是王子腾夫人的寿诞，那里原打发人来请贾母王夫人的
王夫人,薛宝钗,未分类,称姨娘,"028,032",否,宝钗听说，笑着摇手儿说：‘我不知道，也没听见。你别叫姨娘问我。’
王夫人,贾宝玉,未分类,称太太,028,否,宝玉笑道：‘这些都不中用的。太太给我三百六十两银子，我替妹妹配一料丸药，包管一料不完就好了。’
王夫人,薛宝钗,未分类,到王夫人那里坐,028,否,到了王夫人那里，坐了一回
王夫人,贾宝玉,未分类,跟着吃斋,028,否,宝玉道：‘我也跟着吃斋。’
王夫人,薛宝钗,未分类,说吃你们的,028,否,王夫人向宝钗等笑道：‘你们只管吃你们的，由他去罢。’
王夫人,金钏,主仆,主仆,029,是,并王夫人两个丫头也要跟了凤姐儿去的金钏、彩云
王夫人,金钏儿,主仆,服侍,030,是,王夫人在里间凉榻上睡着，金钏儿坐在旁边捶腿，也乜斜着眼乱恍。
王夫人,金钏儿,冲突,打骂,030,是,只见王夫人翻身起来，照金钏儿脸上就打了个嘴巴子，指着骂道：“下作小娼妇，好好的爷们，都叫你教坏了。”
王夫人,薛宝钗,亲属,姨甥,031,是,宝钗一旁笑道：“姨娘不知道，他穿衣裳还更爱穿别人的衣裳。
王夫人,金钏儿,未分类,打撵,032,否,我一时生气，打了他几下，撵了他下去。
王夫人,薛宝钗,未分类,安慰,032,否,宝钗听见这话，忙向王夫人处来道安慰。
王夫人,贾宝玉,未分类,说,032,否,只见宝玉在王夫人旁边坐着垂泪。王夫人正才说他，因宝钗来了，却掩了口不说了。
王夫人,贾珠,亲属,母子,033,是,忽又想起贾珠来，便叫着贾珠哭道：“若有你活着，便死一百个我也不管了。”
王夫人,袭人,未分类,托付,034,否,你今既说了这样的话，我就把他交给你了，好歹留心，保全了他，就是保全了我。我自然不辜负你。
王夫人,袭人,主仆,主仆,"036,051,077,078,094,096,097",是,从此以后我是太太的人了，我要走连你也不必告诉，只回了太太就走。
王夫人,赵姨娘,事件,询问月例,036,否,王夫人问道：“正要问你，如今赵姨娘周姨娘的月例多少？”
王夫人,秋纹,主仆,主仆（赏赐）,037,是,太太越发喜欢了，现成的衣裳，就赏了我两件。
王夫人,贾母,未分类,称老太太,038,否,王夫人笑道：“老太太因为喜欢他，才惯的他这样，还这样说，他明儿越发无礼了。”
王夫人,王熙凤,主仆,伺候,038,是,西边靠门一桌，李纨和凤姐的，虚设坐位，二人皆不敢坐，只在贾母王夫人两桌上伺候。
王夫人,贾宝玉,事件,送酒,041,否,宝玉连忙将自己的杯捧了过来，送到王夫人口边，王夫人便就他手内吃了两口。
王夫人,王熙凤,未分类,递壶,041,否,王夫人见如此说，方将壶递与凤姐，自己归坐。
王夫人,贾琏,未分类,婶母与侄,044,否,贾琏明仗着贾母素习疼他们，连母亲婶母也无碍，故逞强闹了来。
王夫人,薛宝钗,未分类,省候,045,否,宝钗因见天气凉爽，夜复渐长，遂至母亲房中商议打点些针线来。日间至贾母处王夫人处省候两次
王夫人,薛宝钗,亲属,姨母与外甥女,046,是,王夫人虽有委曲，如何敢辩；薛姨妈也是亲姊妹，自然也不好辩的；宝钗也不便为姨母辩
王夫人,薛宝琴,亲属,干母女,049,是,果然王夫人已认了宝琴作干女儿
王夫人,王熙凤,主仆,主仆,051,是,王夫人听了，便道：“人家母女一场，岂有不许他去的。”一面就叫了凤姐儿来，告诉了凤姐儿，命酌量去办理。
王夫人,贾宝玉,事件,嘱咐,052,否,见了王夫人，王夫人又嘱他早去。
王夫人,王熙凤,未分类,共同治办年事,053,否,王夫人与凤姐治办年事
王夫人,贾母,称谓,称呼老太太,054,否,王夫人起身笑说道：‘老太太不如挪进暖阁里地炕上倒也罢了。’
王夫人,贾探春,事件,差遣,055,否,王夫人便命探春合同李纨裁处
王夫人,薛宝钗,未分类,托付,055,否,因又特请了宝钗来，托他各处小心
王夫人,贾探春,情感,疼爱,055,是,太太满心疼我，因姨娘每每生事，几次寒心。
王夫人,赵姨娘,未分类,上下,067,否,王夫人听了，早知道来意了，又见他说的不伦不类，也不便不理他，说道：“你自管收了去给环哥顽罢。”
王夫人,薛姨妈,事件,送东西,067,否,这里薛姨妈将箱子里的东西取出，一分一分的打点清楚，叫同喜送给贾母并王夫人等处不提。
王夫人,薛宝钗,未分类,姨娘,"077,078",否,宝钗因在坐，乃笑道：“姨娘且住。如今外头卖的人参都没好的。虽有一枝全的，他们也必截做两三段，镶嵌上芦泡须枝，掺匀了好卖，看不得粗细。我们铺子里常和参行交易，如今我去和妈说了，叫哥哥去托个伙计过去和参行商议说明，叫他把未作的原枝好参兑二两来。不妨咱们多使几两银子，也得了好的。”
王夫人,芳官,主仆,主仆,077,是,老嬷嬷们便将芳官指出。王夫人道：“唱戏的女孩子，自然是狐狸精了！上次放你们，你们又懒待出去，可就该安分守己才是。你就成精鼓捣起来，调唆着宝玉无所不为。”
王夫人,贾迎春,亲属,婶侄,080,是,幸而过婶子这边过了几年心净日子
王夫人,贾迎春,未分类,抚养,081,否,且说迎春归去之后，邢夫人象没有这事，倒是王夫人抚养了一场，却甚实伤感，在房中自己叹息了一回。
王夫人,贾宝玉,未分类,见,082,否,退出来，忙忙又去见王夫人，又到贾母那边打了个照面儿。
王夫人,袭人,事件,吩咐,082,否,方才太太叫鸳鸯姐姐来吩咐我们：如今老爷发狠叫你念书，如有丫鬟们再敢和你顽笑，都要照着晴雯司棋的例办。
王夫人,鸳鸯,事件,叫/吩咐,082,否,方才太太叫鸳鸯姐姐来吩咐我们：如今老爷发狠叫你念书，如有丫鬟们再敢和你顽笑，都要照着晴雯司棋的例办。
王夫人,贾元春,事件,问好,083,否,元妃又向邢夫人王夫人问了好，邢王二夫人站着回了话。
王夫人,王熙凤,称谓,称呼你太太,084,否,贾母道：“既这么着，凤丫头就过来跟着我。你太太才说他今儿吃斋，叫他们自己吃去罢。”
王夫人,薛姨妈,事件,托求,086,否,薛姨妈自来见王夫人，托王夫人转求贾政。
王夫人,贾政,事件,转求,086,否,托王夫人转求贾政。
王夫人,贾珍,未分类,禀报,089,否,一时贾珍过来见了部里的人，问明了，进来见了王夫人，回道：“部中来报，昨日总河奏到河南一带决了河口，湮没了几府州县。”
王夫人,贾琏,亲属,婶侄,"094,102,103",是,依侄儿的主见，要问也不难，若问出来，太太怎么个办法呢？
王夫人,赖大,主仆,主仆,094,是,赖大听说，便道：“我们太太真正是个佛心。”
王夫人,贾琏,亲属,侄儿与太太,"095,117",是,侄儿特来回太太知道。
王夫人,贾母,亲属,媳妇与老太太,095,是,媳妇恐老太太着急老爷生气，都没敢回。
王夫人,袭人,事件,使唤,095,否,王夫人知贾母生气，叫袭人等跪下
王夫人,贾母,亲属,婆媳,096,是,你的媳妇也在这里。
王夫人,王子腾,亲属,姐弟,096,是,王夫人不免暗里落泪，悲女哭弟，
王夫人,贾元春,亲属,母女,096,是,王夫人不免暗里落泪，悲女哭弟，
王夫人,薛姨妈,亲属,姊妹,"097,120",是,王夫人姊妹不免又叙了半夜话儿。
王夫人,王熙凤,亲属,婆媳,097,是,连忙着人叫了王夫人凤姐过来，告诉了他婆媳两个。
王夫人,贾政,亲属,夫妇,097,是,后请贾政夫妇登堂，行礼毕，送入洞房。
王夫人,贾探春,未分类,非生母,100,否,我想探丫头虽不是我养的，老爷既看见过女婿，定然是好才许的。
王夫人,王熙凤,事件,吩咐,101,否,忽见王夫人那边小丫头过来道：“太太说了，叫问二奶奶今日过舅太爷那边去不去？要去，说叫二奶奶同着宝二奶奶一路去呢。”
王夫人,贾琏,事件,告知,103,否,回来又到王夫人那边，将打点吏部之事告知。
王夫人,薛姨妈,事件,告知,103,否,我们太太叫我来告诉这里的姨太太，说我们家了不得了，又闹出事来了。
王夫人,邢夫人,事件,照看,106,否,又命王夫人照看了邢夫人。
王夫人,贾环,未分类,斥责,112,否,贾环急忙道：“我也在这里吗？”王夫人啐道：“糊涂东西！你姨妈的死活都不知，你还要走吗！”
王夫人,赵姨娘,未分类,嫌恶,112,否,王夫人本嫌他，也打撒手儿。
王夫人,紫鹃,主仆,主仆,"113,118",是,我是太太派来的，二爷倒是回太太去，左右我们丫头们更算不得什么了。
王夫人,薛宝钗,未分类,叫去商量,117,否,话说王夫人打发人来叫宝钗过去商量
王夫人,贾宝玉,未分类,喝斥,117,否,王夫人宝钗急忙赶来，见是这样形景，便哭着喝道：“宝玉，你又疯了吗！”
王夫人,贾琏,事件,请安,117,否,贾琏进来，见了王夫人请了安。
王夫人,贾惜春,事件,磕头求容,117,否,赶到邢夫人王夫人那里去磕了头，说是要求容他做尼姑呢，送他一个地方，若不容他，他就死在眼前。
王夫人,薛宝钗,亲属,婆媳,120,是,便到王夫人那里先把宝钗的话说了。王夫人点头叹道：“若说我无德，不该有这样好媳妇了。”
王夫人,袭人,事件,告知,120,否,王夫人便告诉了宝钗，仍请了薛姨妈细细的告诉了袭人。
王夫人,贾兰,未分类,叫念书,120,否,王夫人叫贾兰将书子念给听。
王夫人之父,王熙凤,亲属,祖孙,006,是,凤姐之祖王夫人之父
王子腾,薛蟠,亲属,舅甥,"003,004",是,如今母舅王子腾得了信息
王子腾,薛姨妈,亲属,兄妹,004,是,寡母王氏乃现任京营节度使王子腾之妹
王子腾,王子腾的夫人,亲属,夫妻,070,是,王子腾的夫人
王子腾,王子腾之女,亲属,父女,070,是,偏生近日王子腾之女许与保宁侯之子为妻
王子腾,贾琏,亲属,舅甥,096,是,舅太爷是赶路劳乏，偶然感冒风寒，到了十里屯地方，延医调治。
王子腾夫人,贾母,事件,请客,025,否,原来次日就是王子腾夫人的寿诞，那里原打发人来请贾母王夫人的
王尔调,贾政,未分类,门客,084,否,那王尔调又道：“晚生还有一句话，不揣冒昧，和老世翁商议。”
王氏,贾政,亲属,夫妻,002,是,这政老爹的夫人王氏
王氏,贾珠,亲属,母子,002,是,这政老爹的夫人王氏，头胎生的公子，名唤贾珠
王氏,贾宝玉,亲属,母子,002,是,这政老爹的夫人王氏，头胎生的公子，名唤贾珠，十四岁进学，不到二十岁就娶了妻生了子，一病死了。第二胎生了一位小姐，生在大年初一，这就奇了，不想后来又生一位公子，说来更奇，一落胎胞，嘴里便衔下一块五彩晶莹的玉来，上面还有许多字迹，就取名叫作宝玉。
王氏,王氏之内侄女,亲属,姑侄,002,是,娶的就是政老爹夫人王氏之内侄女
王氏之内侄女,贾琏,亲属,夫妻,002,是,长名贾琏，今已二十来往了，亲上作亲，娶的就是政老爹夫人王氏之内侄女，今已娶了二年。
王熙凤,贾琏,亲属,夫妻,"003,014,016,021,044,046,047,064,065,068,072,074,096,101,105,106,109,110,111,113",是,大舅贾赦之子贾琏，娶的就是二舅母王氏之内侄女，自幼假充男儿教养的，学名王熙凤。
王熙凤,贾蓉,亲属,婶侄,"006,016,068",是,凤姐笑道：“你只管坐着罢，这是我侄儿。”
王熙凤,薛姨妈,事件,送花,007,否,那四枝给凤姐儿罢。
王熙凤,贾母,未分类,辞,007,否,次日凤姐梳洗了，先回王夫人毕，方来辞贾母。
王熙凤,秦钟,事件,问话,007,否,凤姐喜的先推宝玉笑道：‘比下去了！’便探身一把攥了这孩子的手，叫他身旁坐下，慢慢问他年纪读书等事，方知他学名叫秦钟。
王熙凤,秦可卿,未分类,厚密,007,否,平儿素知凤姐和秦氏厚密
王熙凤,贾蓉,事件,送,007,否,贾蓉送凤姐的车出来。
王熙凤,贾宝玉,未分类,同行,007,否,凤姐起身告辞，和宝玉携手同行。
王熙凤,璜大奶奶,未分类,借当,009,否,给我们琏二奶奶跪着借当头。
王熙凤,贾璜,事件,资助,010,否,又会奉承凤姐儿并尤氏，所以凤姐儿尤氏也时常资助资助他
王熙凤,贾蓉,未分类,贾蓉称凤姐儿婶子,011,否,贾蓉叫：“快倒茶来，婶子和二叔在上房还未喝茶呢。”
王熙凤,秦可卿,未分类,秦氏称凤姐儿婶子,011,否,秦氏笑道：“任凭神仙也罢，治得病治不得命。婶子，我知道我这病不过是挨日子。”
王熙凤,贾瑞,亲属,贾瑞称凤姐儿嫂子,011,是,猛然从假山石后走过一个人来，向前对凤姐儿说道：“请嫂子安。”
王熙凤,贾瑞,未分类,叔嫂,012,否,贾瑞笑道：“嫂子这话说错了，我就不这样。”
王熙凤,贾蔷,未分类,叔嫂,012,否,被贾蔷一把揪住道：“别走！如今琏二嫂已经告到太太跟前，说你无故调戏他。”
王熙凤,秦可卿,未分类,称凤姐为婶婶,013,否,秦氏道：“婶婶，你是个脂粉队里的英雄，连那些束带顶冠的男子也不能过你，你如何连两句俗语也不晓得？
王熙凤,秦可卿,情感,素日相好,013,是,因娘儿们素日相好，我舍不得婶子，故来别你一别。
王熙凤,秦可卿,未分类,托付心愿,013,否,还有一件心愿未了，非告诉婶子，别人未必中用。
王熙凤,贾珍,事件,称大妹妹并请求协理,013,否,怎么屈尊大妹妹一个月，在这里料理料理，我就放心了。
王熙凤,贾珍,未分类,授对牌,013,否,贾珍便忙向袖中取了宁国府对牌出来，命宝玉送与凤姐
王熙凤,贾宝玉,事件,送对牌,013,否,贾珍便忙向袖中取了宁国府对牌出来，命宝玉送与凤姐
王熙凤,贾宝玉,亲属,姐姐（称谓）,014,是,宝玉听说，便猴向凤姐身上立刻要牌，说：“好姐姐，给出牌子来，叫他们要东西去。”
王熙凤,贾宝玉,亲属,姐弟,015,是,凤姐笑道：“好兄弟，你是个尊贵人，女孩儿一样的人品，别学他们猴在马上。下来，咱们姐儿两个坐车，岂不好？”宝玉听说，忙下了马，爬入凤姐车上，二人说笑前来。
王熙凤,贾蓉,事件,请,015,否,贾珍便命贾蓉请凤姐歇息。
王熙凤,贾蔷,亲属,婶侄,016,是,凤姐忙向贾蔷道：‘既这样，我有两个在行妥当人，你就带他们去办，这个便宜了你呢。’贾蔷忙陪笑说：‘正要和婶婶讨两个人呢，这可巧了。’
王熙凤,贾环,未分类,怕,020,否,贾环素日怕凤姐比怕王夫人更甚，听见叫他，忙唯唯的出来。
王熙凤,贾环,亲属,称环兄弟,020,是,环兄弟，出来，跟我顽去。
王熙凤,赵姨娘,冲突,训斥,020,是,便隔窗说道：“大正月又怎么了？环兄弟小孩子家，一半点儿错了，你只教导他，说这些淡话作什么！凭他怎么去，还有太太老爷管他呢，就大口啐他！他现是主子，不好了，横竖有教导他的人，与你什么相干！”
王熙凤,贾母,未分类,称老祖宗,"022,030,035,038",否,一个老祖宗给孩子们作生日
王熙凤,薛宝钗,亲属,称薛妹妹,022,是,二十一是薛妹妹的生日，你到底怎么样呢？
王熙凤,贾琏,未分类,同吃饭,023,否,当下贾琏正同凤姐吃饭
王熙凤,芸儿,未分类,管保叫管工程,023,否,我管保叫芸儿管这件工程。
王熙凤,贾琏,未分类,依主意,023,否,贾琏便依了凤姐主意
王熙凤,贾琏,事件,告诉,023,否,贾琏回到房中告诉凤姐儿
王熙凤,贾琏,事件,求,024,否,偏生你婶子再三求了我，给了贾芹了。
王熙凤,贾芸,亲属,婶侄,"024,088",是,叔叔也不必先在婶子跟前提我今儿来打听的话
王熙凤,贾芸,亲属,侄儿长辈,024,是,贾芸笑道：“侄儿不怕雷打了，就敢在长辈前撒谎。”
王熙凤,贾芸,未分类,派事,024,否,你到午错的时候来领银子，后儿就进去种树。
王熙凤,贾宝玉,未分类,叔嫂,025,否,他叔嫂二人愈发糊涂，不省人事，睡在床上，浑身火炭一般，口内无般不说。
王熙凤,赵姨娘,冲突,不忿,025,是,那赵姨娘素日虽然常怀嫉妒之心，不忿凤姐宝玉两个，也不敢露出来；
王熙凤,赵姨娘,未分类,不伏,025,否,我只不伏这个主儿。”一面说，一面伸出两个指头儿来。马道婆会意，便问道：“可是琏二奶奶？”
王熙凤,贾宝玉,亲属,称宝兄弟,"028,095",是,凤姐因在里间屋里看着人放桌子，听如此说，便走来笑道：‘宝兄弟不是撒谎，这倒是有的。’
王熙凤,贾宝玉,亲属,称姐姐,028,是,宝玉道：‘我屋里的人也多的很，姐姐喜欢谁，只管叫了来，何必问我。’
王熙凤,薛蟠,未分类,寻珍珠,028,否,上日薛大哥亲自和我来寻珍珠，我问他作什么，他说配药。
王熙凤,贾宝玉,未分类,探病,034,否,凤姐从前头已进来了，问宝玉：“可好些了？想什么吃，叫人往我那里取去。”
王熙凤,薛姨妈,亲属,姑侄,"035,036,057,084,097,099",是,薛姨妈先接过来瞧时，原来是个小匣子，里面装着四副银模子，都有一尺多长，一寸见方，上面凿着有豆子大小，也有菊花的，也有梅花的，也有莲蓬的，也有菱角的，共有三四十样，打的十分精巧。因笑向贾母王夫人道：“你们府上也都想绝了，吃碗汤还有这些样子。若不说出来，我见这个也不认得这是作什么用的。”凤姐儿也不等人说话，便笑道：“姑妈那里晓得，这是旧年备膳，他们想的法儿。”
王熙凤,袭人,未分类,叫来,036,否,一句话未完，只见凤姐儿打发人来叫袭人。
王熙凤,赵姨娘,未分类,月例发放,036,否,凤姐道：“那是定例，每人二两。赵姨娘有环兄弟的二两，共是四两，另外四串钱。”
王熙凤,鸳鸯,未分类,称二奶奶,038,否,鸳鸯因向凤姐笑道：“二奶奶在这里伺候，我们可吃去了。”
王熙凤,贾母,主仆,伺候,"038,072",是,西边靠门一桌，李纨和凤姐的，虚设坐位，二人皆不敢坐，只在贾母王夫人两桌上伺候。
王熙凤,鸳鸯,未分类,建议换大套杯,041,否,鸳鸯笑道：“我知道你这十个杯还小。况且你才说是木头的，这会子又拿了竹根子的来，倒不好看。不如把我们那里的黄杨根整抠的十个大套杯拿来，灌他十下子。”凤姐儿笑道：“更好了。”
王熙凤,薛姨妈,事件,命布菜,041,否,薛姨妈又命凤姐儿布了菜。
王熙凤,贾母,事件,命搛茄鲞喂刘姥姥,041,否,贾母笑道：“你把茄鲞搛些喂他。”
王熙凤,贾母,事件,命人抬椅并围随,041,否,凤姐忙命人将小竹椅抬来，贾母坐上，两个婆子抬起，凤姐李纨和众丫鬟婆子围随去了
王熙凤,贾母,事件,命去吃饭,041,否,贾母因觉懒懒的，也不吃饭，便坐了竹椅小敞轿，回至房中歇息，命凤姐儿等去吃饭。
王熙凤,薛宝钗,称谓,称呼,042,否,宝钗笑道：“世上的话，到了凤丫头嘴里也就尽了。幸而凤丫头不认得字，不大通，不过一概是市俗取笑，更有颦儿这促狭嘴，他用‘春秋’的法子，将市俗的粗话，撮其要，删其繁，再加润色比方出来，一句是一句。”
王熙凤,贾母,情感,孝敬/疼爱,043,是,这是凤丫头孝敬老太太的。算他的孝心虔，不枉了素日老太太疼他。
王熙凤,邢夫人,亲属,婆媳,043,是,在那边是儿子媳妇，在这边是内侄女儿，倒不向着婆婆姑娘，倒向着别人。
王熙凤,贾探春,事件,请作监社御史,045,否,探春笑道：“我们起了个诗社，头一社就不齐全，众人脸软，所以就乱了。我想必得你去作个监社御史，铁面无私才好。
王熙凤,赖嬷嬷,未分类,称大娘,045,否,凤姐儿等忙站起来，笑道：“大娘坐。”
王熙凤,赖大家的,事件,吩咐,045,否,凤姐儿听说，便向赖大家的说道：“既这样，打他四十棍，以后不许他吃酒。”
王熙凤,贾母,情感,疼爱,"045,106",是,因见老太太多疼了宝玉和凤丫头两个
王熙凤,贾宝玉,未分类,罚扫,045,否,李纨听了，忙回身笑道：“正是为宝玉来，反忘了他。头一社是他误了。我们脸软，你说该怎么罚他？”凤姐想了一想，说道：“没有别的法子，只叫他把你们各人屋子里的地罚他扫一遍才好。”
王熙凤,贾母,亲属,祖孙媳,046,是,谁教老太太会调理人，调理的水葱儿似的，怎么怨得人要？我幸亏是孙子媳妇，若是孙子，我早要了，还等到这会子呢。
王熙凤,贾母,称谓,称呼,047,否,老祖宗的气也平了
王熙凤,邢夫人,未分类,交托,049,否,邢夫人便将岫烟交与凤姐儿。
王熙凤,邢岫烟,情感,疼爱,049,是,因此凤姐儿又怜他家贫命苦，比别的姊妹多疼他些
王熙凤,袭人,未分类,上下,051,否,又嘱咐袭人道：“你妈若好了就罢；若不中用了，只管住下，打发人来回我，我再另打发人给你送铺盖去。”
王熙凤,贾母,主仆,称呼：凤丫头,052,是,素日我不说，一则怕逞了凤丫头的脸
王熙凤,贾宝玉,亲属,称呼：姐姐,052,是,就说我说了：姐姐那里常有那西洋贴头疼的膏子药，叫做‘依弗哪.. ’，找寻一点儿。
王熙凤,麝月,未分类,讨药,052,否,说着，便命麝月：“和二奶奶要去，就说我说了：姐姐那里常有那西洋贴头疼的膏子药，叫做‘依弗哪.. ’，找寻一点儿。”
王熙凤,贾母,未分类,搀扶,"053,083",否,凤姐儿搀着贾母笑道：‘老祖宗快走，咱们家去吃饭，别理他。’
王熙凤,贾芹,未分类,麾下办事,053,否,男子只有贾芹、贾芸、贾菖、贾菱四个现是在凤姐麾下办事的来了。
王熙凤,贾芸,未分类,麾下办事,053,否,男子只有贾芹、贾芸、贾菖、贾菱四个现是在凤姐麾下办事的来了。
王熙凤,贾菖,未分类,麾下办事,053,否,男子只有贾芹、贾芸、贾菖、贾菱四个现是在凤姐麾下办事的来了。
王熙凤,贾菱,未分类,麾下办事,053,否,男子只有贾芹、贾芸、贾菖、贾菱四个现是在凤姐麾下办事的来了。
王熙凤,贾珍,亲属,论哥哥妹妹，以伯叔论,054,是,外头的只有一位珍大爷。我们还是论哥哥妹妹，从小儿一处淘气了这么大。这几年因做了亲，我如今立了多少规矩了。便不是从小儿的兄妹，便以伯叔论
王熙凤,贾母,未分类,称老祖宗/讨寿,054,否,凤姐儿笑道：‘不用他敬，我讨老祖宗的寿罢。’说着，便将贾母的杯拿起来，将半杯剩酒吃了
王熙凤,贾宝玉,事件,嘱咐,054,否,凤姐儿便笑道：‘宝玉，别喝冷酒，仔细手颤，明儿写不得字，拉不得弓。’
王熙凤,贾探春,亲属,姑嫂,055,是,二奶奶这些大姑子小姑子里头，也就只单畏他五分。
王熙凤,贾蓉,未分类,称凤姑娘,063,否,凤姑娘那样刚强，瑞叔还想他的帐。
王熙凤,瑞叔,未分类,想他的帐,063,否,凤姑娘那样刚强，瑞叔还想他的帐。
王熙凤,贾琏,未分类,称你二爷,067,否,凤姐儿道：“你二爷在外头弄了人，你知道不知道？”
王熙凤,秋桐,未分类,恨/利用,069,否,凤姐虽恨秋桐，且喜借他先可发脱二姐，自己且抽头，用“借剑杀人”之法
王熙凤,贾琏,未分类,两口子,073,否,琏二爷凤奶奶，两口子遮天盖日
王熙凤,贾迎春,亲属,嫂子,073,是,总是你那好哥哥好嫂子，一对儿赫赫扬扬，琏二爷凤奶奶，两口子遮天盖日，百事周到，竟通共这一个妹子，全不在意。
王熙凤,贾探春,亲属,探春称凤姐姐,073,是,独探春出位笑道：“近因凤姐姐身子不好，几日园内的人比先放肆了许多。
王熙凤,贾母,未分类,陪侍,073,否,凤姐及李纨姊妹等皆陪侍，听贾母如此说
王熙凤,贾惜春,亲属,嫂子小姑,074,是,二嫂子，你要打他，好歹带他出去打罢，我听不惯的。
王熙凤,贾母,主仆,称呼（凤丫头）,076,是,偏又把凤丫头病了，有他一人来说说笑笑，还抵得十个人的空儿。
王熙凤,贾琏,事件,告知,083,否,贾琏一面叫人抓药。一面回到房中告诉凤姐黛玉的病原与大夫用的药，述了一遍。
王熙凤,贾元春,事件,问话,083,否,元妃又问凤姐家中过的日子若何，凤姐站起来回奏道：“尚可支持。”
王熙凤,贾母,称谓,称呼老祖宗,084,否,凤姐笑道：“不是我当着老祖宗太太们跟前说句大胆的话，现放着天配的姻缘，何用别处去找。”
王熙凤,贾环,亲属,称呼二姐姐,084,是,贾环掀帘进来说：“二姐姐，你们巧姐儿怎么了？妈叫我来瞧瞧他。”
王熙凤,赵姨娘,冲突,仇怨,084,是,你何苦来还来使促狭！从前你妈要想害我，如今又来害妞儿。我和你几辈子的仇呢！
王熙凤,赵姨娘,未分类,结怨,085,否,因此两边结怨比从前更加一层了。
王熙凤,薛姨妈,事件,求,086,否,薛姨妈恐不中用，求凤姐与贾琏说了
王熙凤,秋桐,主仆,主仆,088,是,凤姐道：“你们把那南边来的糟东西弄一两碟来罢。”秋桐答应了，叫丫头们伺候。
王熙凤,邢王二夫人,亲属,婆媳,092,是,凤姐听见婆婆们先到了，自己不好落后
王熙凤,贾芹,未分类,派管,093,否,凤姐道：“我就知道是水月庵，那馒头庵与我什么相干。原是这水月庵是我叫芹儿管的，大约克扣了月钱。”
王熙凤,贾琏,亲属,夫妇,097,是,便议定凤姐夫妇作媒人。
王熙凤,秦可卿,未分类,婶娘（秦氏称凤姐）,101,否,那人冷笑道：“婶娘那时怎样疼我了，如今就忘在九霄云外了。”凤姐听了，此时方想起来是贾蓉的先妻秦氏
王熙凤,贾政,未分类,侄媳,104,否,凤姐虽是侄媳
王熙凤,秋桐,未分类,抱怨,106,否,秋桐在耳房中抱怨凤姐。
王熙凤,贾政,未分类,不满,106,否,贾政进去请贾母的安，见贾母略略好些。回到自己房中，埋怨贾琏夫妇不知好歹，如今闹出放账取利的事情，大家不好。方见凤姐所为，心里很不受用。
王熙凤,贾母,未分类,疼惜,108,否,幸喜凤姐为贾母疼惜，王夫人等虽则不大喜欢，若说治家办事尚能出力，所以将内事仍交凤姐办理。
王熙凤,贾芸,未分类,待他不好,117,否,贾芸想着凤姐待他不好，又想起巧姐儿见他就哭，也信着嘴儿混说。
王熙凤,贾环,未分类,说凤姐不好,117,否,贾环听了，趁着酒兴也说凤姐不好，怎样苛刻我们，怎么样踏我们的头。
环兄弟,赵姨娘,未分类,代领月例,036,否,赵姨娘有环兄弟的二两，共是四两，另外四串钱。
珍珠,贾母,主仆,主仆,"029,094",是,贾母的丫头鸳鸯，鹦鹉，琥珀，珍珠
珠儿,贾政,亲属,父子,106,是,只恨我自己为什么糊涂若此。倘或我珠儿在世，尚有膀臂，宝玉虽大，更是无用之物。
琥珀,贾母,主仆,主仆,"029,050,053,071",是,贾母的丫头鸳鸯，鹦鹉，琥珀，珍珠
琥珀,贾母,事件,差遣,069,否,贾母又戴了眼镜，命鸳鸯琥珀：“把那孩子拉过来，我瞧瞧肉皮儿。”
琥珀,贾母,未分类,传饭,081,否,遂叫鸳鸯琥珀等传饭。
琴妹妹,薛蝌,亲属,兄妹,090,是,琴妹妹还没有出门子，这倒是太太烦心的一件事。
瑞珠,秦可卿,主仆,主仆,013,是,因忽又听得秦氏之丫鬟名唤瑞珠者，见秦氏死了，他也触柱而亡。
璜大奶奶,金荣,亲属,姑侄,009,是,他是东胡同子里璜大奶奶的侄儿。
甄士隐,香菱,亲属,父女,"001,004,120",是,因这甄士隐禀性恬淡，不以功名为念，每日只以观花修竹、酌酒吟诗为乐，倒是神仙一流人品。只是一件不足：如今年已半百，膝下无儿，只有一女，乳名唤作英莲，年方三岁。
甄士隐,贾雨村,未分类,交接,001,否,故士隐常与他交接。
甄士隐,贾雨村,事件,邀请,001,否,故特具小酌，邀兄到敝斋一饮
甄士隐,贾雨村,事件,资助,001,否,其盘费余事，弟自代为处置，亦不枉兄之谬识矣！
甄士隐,霍启,未分类,家人,001,否,士隐命家人霍启抱了英莲去看社火花灯
甄士隐,道人,未分类,同去,001,否,士隐便说一声‘走罢！’将道人肩上褡裢抢了过来背着，竟不回家，同了疯道人飘飘而去。
甄士隐,贾雨村,情感,相好、周济,092,是,有个甄士隐和他相好，时常周济他。
甄士隐,贾政,社会,世交,093,是,世交夙好，气谊素敦。
甄士隐,贾雨村,事件,受赠,103,否,学生自蒙慨赠到都，托庇获隽公车，受任贵乡，始知老先生超悟尘凡，飘举仙境。
甄士隐,贾雨村,事件,询问身份,103,否,君家莫非甄老先生么？
甄士隐,贾雨村,未分类,故交,120,否,原因故交，敢赠片言，不意老大人相弃之深。
甄夫人,甄宝玉,亲属,母子,115,是,贾宝玉见是甄太太上坐，便先请过了安，贾环贾兰也见了。甄宝玉也请了王夫人的安。两母两子互相厮认。
甄宝玉,甄应嘉,亲属,父子,114,是,那甄老爷即是甄宝玉之父，名叫甄应嘉
甄宝玉,贾宝玉,未分类,同名,114,否,因与小儿同名，心中甚为罕异。
甄宝玉,贾政,未分类,世伯侄,115,否,甄宝玉逊谢道：“老伯大人请便。侄儿正欲领世兄们的教呢。”
甄宝玉,贾宝玉,亲属,世兄弟,115,是,甄宝玉道：“世兄的才名，弟所素知的，在世兄是数万人的里头选出来最清最雅的
甄宝玉,贾兰,亲属,世叔侄,115,是,世叔所言固是太谦，若论到文章经济，实在从历练中出来的，方为真才实学。
甄宝玉,贾宝玉,未分类,同名同貌,115,否,真真奇事，名字同了也罢，怎么相貌身材都是一样的。
甄宝玉,贾兰,社会,同年,119,是,知道甄宝玉也中了，大家序了同年。
甄家的丫头,贾雨村,亲属,夫妻,092,是,便娶了甄家的丫头。如今的太太不是正配。
甄应嘉,贾政,亲属,亲戚,114,是,贾政问道：‘老亲翁几时陛见的？’
甄府,贾府,社会,老亲世交,002,是,这甄府和贾府就是老亲，又系世交。两家来往，极其亲热的。
癞头和尚,跛足道人,未分类,道友,025,否,贾政问道：“你道友二人在那庙里焚修。”
白老媳妇,金钏儿,亲属,母女,030,是,到底唤了金钏儿之母白老媳妇来领了下去。
皇上,贾政,社会,君臣,"037,099",是,皇上见他人品端方，风声清肃，虽非科第出身，却是书香世代，因特将他点了学差
知县,贾政,未分类,说情,086,否,贾政只肯托人与知县说情
知县,薛蟠,事件,审问,086,否,知县叫提薛蟠，问道：“你与张三到底有什么仇隙？毕竟是如何死的，实供上来。”
知县,贾政,事件,请托,099,否,贾政因薛姨妈之托曾托过知县
知县,薛蟠,事件,请托,099,否,不但是托了知县，还求琏二爷去花了好些钱各衙门打通了才提的。
石光珠,缮国公诰命,亲属,祖孙,014,是,缮国公诰命亡故，故其孙石光珠守孝不曾来得。
石呆子,贾雨村,冲突,讹诈陷害,048,是,谁知雨村那没天理的听见了，便设了个法子，讹他拖欠了官银，拿他到衙门里去，说所欠官银，变卖家产赔补，把这扇子抄了来，作了官价送了来。
石呆子,贾赦,未分类,强索古扇,107,否,严鞫贾赦，据供平安州原系姻亲来往，并未干涉官事。该御史亦不能指实。惟有倚势强索石呆子古扇一款是实的
碧痕,贾宝玉,主仆,主仆,031,是,还记得碧痕打发你洗澡，足有两三个时辰，也不知道作什么呢。
祰官,薛宝琴,未分类,宝琴的祰官,063,否,便将宝琴的祰官也就命他打扮了一个小童
祰官,薛宝琴,未分类,换作祰童,063,否,宝琴反说琴童书童等名太熟了，竟是祰字别致，便换作“祰童”。
秋桐,贾琏,未分类,夫妾,069,否,又将房中一个十七岁的丫鬟名唤秋桐者，赏他为妾。
秋桐,贾赦,主仆,主仆（房中丫鬟）,069,是,贾赦十分欢喜，说他中用，赏了他一百两银子，又将房中一个十七岁的丫鬟名唤秋桐者，赏他为妾。
秋桐,邢夫人,未分类,哭告,069,否,可巧邢夫人过来请安，秋桐便哭告邢夫人说
秋纹,贾宝玉,主仆,主仆（丫鬟为伴）,005,是,于是众奶姆伏侍宝玉卧好，款款散去，只留下袭人、晴雯、麝月、秋纹四个丫鬟为伴。
秋纹,贾宝玉,主仆,主仆,"031,035,037,052,078,089,096,101,118",是,碧痕、秋纹、麝月等众丫鬟见吵闹，都鸦雀无闻的在外头听消息
秋纹,袭人,事件,姐姐/使唤,082,否,只听秋纹道：“袭人姐姐叫我老太太那里接去，谁知却在这里。”
秋纹,贾宝玉,事件,使唤,082,否,我要使唤，横竖有麝月秋纹呢，你歇歇去罢。
秋纹,麝月,未分类,拌嘴,085,否,只听外间屋里麝月与秋纹拌嘴。
秋纹,贾宝玉,主仆,主仆（称二爷）,091,是,忽见秋纹走来说道：‘请二爷回去。老爷叫人到园里来问过，说二爷打学里回来了没有。袭人姐姐只说已经来了。快去罢。’
秋纹,袭人,未分类,称姐,092,否,袭人姐姐叫我请二爷
秋纹,贾母,未分类,派使,095,否,只派袭人秋纹跟过来
秋纹,袭人,未分类,煎药,120,否,到大夫瞧后，秋纹给他煎药。
秦业,秦钟,亲属,父子,"009,016",是,秦业父子专候贾家的人来送上学择日之信。
秦可卿,贾蓉,亲属,夫妻,"005,007,010,011",是,贾蓉媳妇秦氏
秦可卿,贾宝玉,称谓,称谓（秦氏称宝玉为宝二叔）,005,否,我们这里有给宝二叔收拾下的屋子，老祖宗放心，只管交给我就是了。
秦可卿,贾母,称谓,称谓（秦氏称贾母为老祖宗）,005,否,老祖宗放心，只管交给我就是了。
秦可卿,贾宝玉,亲属,叔侄媳妇（宝玉为叔叔，秦氏为侄儿媳妇）,005,是,那里有个叔叔往侄儿媳妇房里睡觉的理呢？
秦可卿,贾母,未分类,赏识信任,005,否,贾母素知秦氏是极妥当的人，因他生得袅娜纤巧，行事又温柔和平，乃重孙媳中第一个得意之人。
秦可卿,警幻,亲属,姐妹（警幻称可卿为吾妹）,005,是,再将吾妹一人，乳名兼美表字可卿者许配与汝
秦可卿,贾宝玉,事件,夫妻（许配成姻）,005,否,再将吾妹一人，乳名兼美表字可卿者许配与汝，今夕良时即可成姻。
秦可卿,贾宝玉,情感,亲密,005,是,至次日，便柔情缱绻，软语温存，与可卿难解难分。
秦可卿,贾宝玉,未分类,呼救,005,否,吓得宝玉汗下如雨，一面失声喊叫：“可卿救我！”
秦可卿,贾宝玉,事件,梦中唤小名,005,否,忽闻宝玉在梦中唤他的小名儿
秦可卿,贾宝玉,称谓,小名被知,005,否,我的小名儿这里从无人知道，他如何得知，在梦中叫出来？
秦可卿,贾宝玉,称谓,称宝二叔,007,否,秦氏笑道：‘今日可巧：上回宝二叔要见我兄弟，今儿他在这里书房里坐着呢，为什么不瞧瞧去？’
秦可卿,秦钟,亲属,姐弟,"007,010",是,上回宝二叔要见我兄弟，今儿他在这里书房里坐着呢
秦可卿,秦钟,事件,嘱咐,007,否,秦氏又嘱咐了他兄弟一回，方去陪凤姐儿去了。
秦可卿,秦邦业,亲属,父女,008,是,他父亲秦邦业现任营缮司郎中，年近七旬，夫人早亡，因年至五旬时尚无儿女，便向养生堂抱了一个儿子和一个女儿。谁知儿子又死了，只剩下个女儿，小名叫做可儿，又起个官名叫做兼美。
秦可卿,贾珍,未分类,公媳,"010,013",否,就请先生进去看看儿妇
秦可卿,贾宝玉,亲属,秦氏为宝玉侄儿媳妇,011,是,王夫人道：“你看看就过去罢，那是侄儿媳妇。”
秦可卿,贾蓉,亲属,夫妻（先妻）,101,是,凤姐听了，此时方想起来是贾蓉的先妻秦氏
秦可卿,警幻,亲属,姐妹,111,是,乃警幻之妹可卿是也。
秦可卿,贾蓉,亲属,夫妻（前妻）,116,是,细看起来并不是凤姐，原来却是贾蓉的前妻秦氏。
秦邦业,秦钟,亲属,父子,008,是,秦钟一一的答应，回家禀知他父亲。他父亲秦邦业现任营缮司郎中
秦钟,贾宝玉,情感,亲密,007,是,二人你言我语，十来句话，越觉亲密起来了。
秦钟,贾宝玉,社会,朋友（伴读）,008,是,宝玉便回明贾母要约秦钟上家塾之事，自己也有个伴读的朋友，正好发奋
秦钟,贾代儒,未分类,师生（司塾）,008,否,又知贾家塾中司塾的乃现今之老儒贾代儒，秦钟此去，可望学业进益
秦钟,贾宝玉,亲属,叔侄（宝二叔）,008,是,又嘱咐他道：“你家住的远，或一时冷热不便，只管住在我们这里。只和你宝二叔在一处，别跟着那不长进的东西们学。”
秦钟,贾宝玉,社会,同窗（一同入塾）,008,是,然后听宝玉拣的好日子一同入塾。
秦钟,贾宝玉,社会,同窗/弟兄朋友,009,是,咱们俩个人一样的年纪，况又是同窗，以后不必论叔侄，只论弟兄朋友就是了。
秦钟,贾母,情感,疼爱,009,是,又兼贾母爱惜，也时常的留下秦钟，住上三天五日，与自己的重孙一般疼爱。
秦钟,贾母,事件,资助,009,否,因见秦钟不甚宽裕，更又助他些衣履等物。
秦钟,金荣,未分类,欺负,009,否,秦钟香怜二人又气又急，忙进去向贾瑞前告金荣，说金荣无故欺负他两个。
秦钟,金荣,冲突,冲突,009,是,便夺手要去抓打宝玉秦钟。
秦钟,香怜,情感,私语/相好,009,是,秦钟趁此和香怜挤眉弄眼，递暗号儿，二人假装出小恭，走至后院说梯己话。
秦钟,金荣,未分类,赔罪,009,否,金荣强不得，只得与秦钟作了揖。
秦钟,贾瑞,未分类,央告,009,否,只得委曲着来央告秦钟，又央告宝玉。
秦钟,贾蓉,未分类,小舅子,010,否,秦钟不过是贾蓉的小舅子
秦钟,贾宝玉,情感,相好,010,是,他因仗着宝玉和他好
秦钟,贾宝玉,未分类,一同顽耍,015,否,且说秦钟、宝玉二人正在殿上顽耍，因见智能过来，宝玉笑道：“能儿来了。”
秦钟,贾宝玉,社会,同窗,016,是,到那里尽一尽同窗之情就回来
秦钟,贾宝玉,社会,好朋友,016,是,那秦钟魂魄忽听见‘宝玉来了’四字，便忙又央求道：‘列位神差，略发慈悲，让我回去，和这一个好朋友说一句话就来的。’
秦钟,贾宝玉,未分类,痛哭,017,否,话说秦钟既死，宝玉痛哭不已
秦钟,贾宝玉,情感,思念,017,是,可巧近日宝玉因思念秦钟，忧戚不尽
秦钟,贾宝玉,情感,知心伴,081,是,忽然想起秦钟来，如今没有一个做得伴说句知心话儿的，心上凄然不乐，却不敢作声，只是闷着看书。
程日兴,薛蟠,未分类,寻寿礼,026,否,薛蟠道：“要不是我也不敢惊动，只因明儿五月初三日是我的生日，谁知古董行的程日兴，他不知那里寻了来的这么粗这么长粉脆的鲜藕，这么大的大西瓜，这么长一尾新鲜的鲟鱼，这么大的一个暹罗国进贡的灵柏香熏的暹猪。”
穿红的,袭人,亲属,两姨姊妹,019,是,宝玉听了信以为真，方把酥酪丢开，取栗子来，自向灯前检剥，一面见众人不在房里，乃笑问袭人道：“今儿那个穿红的是你什么人？”袭人道：“那是我两姨妹子。”
管租的人,贾琏,事件,吩咐,093,否,这里贾琏便叫那管租的人道：“说你的。”
篆儿,邢岫烟,主仆,主仆,062,是,邢岫烟的丫头篆儿
紫绡,贾宝玉,事件,叫送东西,028,否,说着便叫紫绡来：‘拿了这个到林姑娘那里去，就说是昨儿我得的，爱什么留下什么。’
紫鹃,贾宝玉,未分类,要茶,026,否,宝玉笑道：“紫鹃，把你们的好茶倒碗我吃。”紫鹃道：“那里是好的呢？要好的，只是等袭人来。”
紫鹃,贾宝玉,称谓,称宝二爷,030,否,一面让他进来，一面笑道：“我只当是宝二爷再不上我们这门了，谁知这会子又来了。”
紫鹃,贾宝玉,未分类,沏茶,082,否,黛玉微微的一笑，因叫紫鹃：“把我的龙井茶给二爷沏一碗。二爷如今念书了，比不的头里。”紫鹃笑着答应，去拿茶叶，叫小丫头子沏茶。
紫鹃,袭人,亲属,姐妹称呼,082,是,说着，紫鹃拿茶来。袭人忙站起来道：“妹妹坐着罢。”
紫鹃,雪雁,未分类,叫醒,082,否,紫鹃答应着，忙出来换了一个痰盒儿，将手里的这个盒儿放在桌上，开了套间门出来，仍旧带上门，放下撒花软帘，出来叫醒雪雁。
紫鹃,贾探春,事件,嘱咐,082,否,探春又嘱咐紫鹃好生留神伏侍姑娘，紫鹃答应着。
紫鹃,袭人,亲属,姐妹相称,085,是,便笑嘻嘻的道：“姐姐屋里坐着。”袭人道：“坐着，妹妹掐花儿呢吗？姑娘呢？”
紫鹃,贾宝玉,冲突,怨恨,097,是,因两泪汪汪，咬着牙发狠道：“宝玉，我看他明儿死了，你算是躲的过不见了！你过了你那如心如意的事儿，拿什么脸来见我！”
紫鹃,贾宝玉,主仆,主仆,"100,113,118",是,因必要紫鹃过来，立即回了贾母去叫他。无奈紫鹃心里不愿意，虽经贾母王夫人派了过来，也就没法，只是在宝玉跟前，不是嗳声，就是叹气的。
紫鹃,贾宝玉,未分类,抱住阻拦,117,否,紫鹃在屋里听见宝玉要把玉给人，这一急比别人更甚，把素日冷淡宝玉的主意都忘在九霄云外了，连忙跑出来帮着抱住宝玉。
紫鹃,贾惜春,主仆,主仆,118,是,如今四姑娘既要修行，我就求太太们将我派了跟着姑娘，服侍姑娘一辈子。
绣桔,贾迎春,主仆,主仆,029,是,迎春的丫头司棋，绣桔
绣桔,贾迎春,未分类,绣桔回姑娘,073,否,绣桔因说道：“如何，前儿我回姑娘，那一个攒珠累丝金凤竟不知那里去了。回了姑娘，姑娘竟不问一声儿。”
翠墨,贾探春,主仆,主仆,"029,037,070",是,探春的丫头待书，翠墨
翠墨,贾探春,事件,命,063,否,便命翠墨同了小燕也再三的请了李纨和宝琴二人
老东西,贾宝玉,亲属,认作干妈,081,是,这老东西竟这样坏心，宝玉枉认了他做干妈。
老嬷嬷,贾母,事件,吩咐,023,否,一面唤了两个老嬷嬷来，吩咐
老嬷嬷,贾宝玉,未分类,带,023,否,好生带了宝玉去，别叫他老子唬着他。
胡君荣,贾琏,冲突,大骂,069,是,贾琏闻知，大骂胡君荣。
胡氏,金荣,亲属,母子,010,是,他母亲胡氏听见他咕咕嘟嘟的说
胡氏,金氏,亲属,姑嫂,010,是,金荣的母亲偏提起昨日贾家学房里的那事，从头至尾，一五一十都向他小姑子说了。
臻儿,香菱,主仆,主仆,029,是,香菱的丫头臻儿
艾官,贾探春,事件,送了,058,否,将老外艾官送了探春
艾官,贾探春,事件,回话,060,否,可巧艾官便悄悄的回探春说
节度,镇海总制,亲属,亲戚,100,是,贾政笑道：“并没有事。只为镇海总制是这位大人的亲戚，有书来嘱托照应我，所以说了些好话。又说我们如今也是亲戚了。”
花自芳,袭人,亲属,兄妹,"019,051",是,茗烟先进去叫袭人之兄花自芳。
花自芳,茗烟,未分类,叫门,019,否,茗烟先进去叫袭人之兄花自芳。
花自芳,贾宝玉,未分类,抱下,019,否,花自芳忙出去看时，见是他主仆两个，唬的惊疑不止，连忙抱下宝玉来
花自芳的女人,袭人,亲属,姑嫂,120,是,花自芳的女人进来请安。”王夫人问几句话，花自芳的女人将亲戚作媒，说的是城南蒋家的，现在有房有地，又有铺面，姑爷年纪略大了几岁，并没有娶过的，况且人物儿长的是百里挑一的。王夫人听了愿意，说道：“你去应了，隔几日进来再接你妹子罢。”
芳官,贾宝玉,未分类,指与,058,否,将正旦芳官指与宝玉
芳官,贾宝玉,事件,所属,058,否,我这事，除了你屋里的芳官并宝姑娘的蕊官，并没第三个人知道。
芳官,袭人,事件,照看,058,否,我要照看他那里不照看了，又要他那几个钱才照看他？
芳官,赵姨娘,冲突,辱骂,060,是,赵姨娘也不答话，走上来便将粉照着芳官脸上撒来，指着芳官骂道：“小淫妇！你是我银子钱买来学戏的，不过娼妇粉头之流！”
芳官,蕊官,事件,赠物,060,否,蕊官赶出叫：“妈妈姐姐，略站一站。”一面走上来，递了一个纸包给他们，说是蔷薇硝，带与芳官去檫脸。
芳官,贾环,未分类,给物,060,否,芳官听了，便将些茉莉粉包了一包拿来。贾环见了就伸手来接。芳官便忙向炕上一掷。贾环只得向炕上拾了，揣在怀内，方作辞而去。
芳官,贾宝玉,主仆,主仆（屋里）,061,是,五儿急的便说：“那原是宝二爷屋里的芳官给我的。”
芳官,袭人,未分类,给物,061,否,袭人也曾给过芳官之流的人。
芳官,贾宝玉,事件,告诉,061,否,芳官便又告诉了宝玉，宝玉也慌了
芳官,袭人,未分类,同姓,063,否,我也姓花，我也陪他一钟。
芳官,贾宝玉,未分类,改名,063,否,又说：“芳官之名不好，竟改了男名才别致。”因又改作“雄奴”。
芳官,贾宝玉,未分类,同榻,063,否,方知道和宝玉同榻
芳官,袭人,未分类,扶,063,否,就将芳官扶在宝玉之侧
芳官,袭人,未分类,睡在袭人身上,063,否,便睡在袭人身上
芳官,贾芹,未分类,招惹,093,否,更兼贾芹也是风流人物，打量芳官等出家只是小孩子性儿，便去招惹他们。
芸儿,贾琏,事件,求,023,否,西廊下五嫂子的儿子芸儿来求了我两三遭
茗烟,贾宝玉,主仆,主仆,"009,026,039,043,047,051,080,084,089,094,101,102,119",是,悄悄的把跟宝玉的书童名唤茗烟者唤到身边
茗烟,金荣,冲突,冲突,009,是,这里茗烟先一把揪住金荣
茗烟,贾宝玉,主仆,跟随,"016,081",是,宝玉听了，忙忙的更衣出来，车犹未备，急的满厅乱转。一时催促的车到，忙上了车，李贵、茗烟等跟随。
茗烟,贾宝玉,事件,跪求,019,否,茗烟见是宝玉，忙跪求不迭。
茗烟,袭人,事件,赠物,019,否,袭人又抓果子与茗烟，又把些钱与他买花炮放
茗烟,贾宝玉,事件,嘱咐,023,否,茗烟又嘱咐他不可拿进园去
茗烟,薛蟠,未分类,逼他,026,否,焙茗也笑道：“爷别怪我。”忙跪下了。宝玉怔了半天，方解过来了，是薛蟠哄他出来。薛蟠连忙打恭作揖陪不是，又求“不要难为了小子，都是我逼他去的。”
茗烟,贾宝玉,主仆,小厮,028,是,只带着焙茗、锄药、双瑞、双寿四个小厮去了。
茗烟,贾宝玉,主仆,随从（宝玉带着焙茗）,087,是,却说宝玉这日起来梳洗了，带着焙茗正往书房中来
茜雪,贾宝玉,主仆,主仆（捧茶）,008,是,茜雪捧上茶来。宝玉还让：“林妹妹喝茶。”
荣国公,贾代善,亲属,父子,002,是,自荣公死后，长子贾代善袭了官
荣国公,贾宝玉,亲属,祖孙,016,是,就是荣国公的孙子，小名宝玉。
莲花儿,贾迎春,主仆,主仆（房里小丫头）,061,是,忽见迎春房里小丫头莲花儿走来说：“司棋姐姐说了，要碗鸡蛋，炖的嫩嫩的。”
菅官,藕官,未分类,祭,058,否,你说他祭的是谁？祭的是死了的菅官。
菅官,藕官,亲属,常做夫妻,058,是,说他自己是小生，菅官是小旦，常做夫妻，虽说是假的，每日那些曲文排场，皆是真正温存体贴之事，故此二人就疯了，虽不做戏，寻常饮食起坐，两个人竟是你恩我爱。
菅官,藕官,未分类,烧纸,058,否,菅官一死，他哭的死去活来，至今不忘，所以每节烧纸。
萍,贾珍,未分类,率领,023,否,贾珍率领蓉、萍等监工。
蒋玉菡,贾宝玉,事件,赠汗巾,028,否,宝玉听说，喜不自禁，连忙接了，将自己一条松花汗巾解了下来，递与琪官。
蒋玉菡,贾宝玉,未分类,交好,033,否,他近日和衔玉的那位令郎相与甚厚
蒋玉菡,贾宝玉,事件,受赠汗巾,086,否,宝玉回到自己房中，换了衣服，忽然想起蒋玉菡给的汗巾
蒋玉菡,贾宝玉,社会,相识,093,是,宝玉一见那人，面如傅粉，唇若涂朱，鲜润如出水芙蕖，飘扬似临风玉树。原来不是别人，就是蒋玉菡。
蒋玉菡,袭人,亲属,夫妻/姻缘前定,120,是,袭人看了，方知这姓蒋的原来就是蒋玉菡，始信姻缘前定。
蒋玉菡,贾宝玉,未分类,旧情,120,否,此时蒋玉菡念着宝玉待他的旧情，倒觉满心惶愧，更加周旋
蕊官,薛宝钗,事件,送了,058,否,将小旦蕊官送了宝钗
蕊官,薛宝钗,事件,所属,058,否,我这事，除了你屋里的芳官并宝姑娘的蕊官，并没第三个人知道。
蕊官,藕官,未分类,温柔体贴,058,否,后来补了蕊官，我们见他一般的温柔体贴
薛大爷,金荣,未分类,认得,010,否,不是因你在那里念书，你就认得什么薛大爷了？
薛大爷,金荣,事件,资助,010,否,那薛大爷一年不给不给，这二年也帮了咱们有七八十两银子。
薛姨妈,薛蟠,亲属,母子,"003,004,034,035,048,066,067,080,084,085,090,091,095,097,100,120",是,薛家姨母之子姨表兄薛蟠
薛姨妈,薛宝钗,亲属,母女,"004,034,035,036,047,048,057,062,065,067,080,083,084,085,090,091,095,098,100,103,108,109,120",是,还有一女，比薛蟠小两岁，乳名宝钗
薛姨妈,香菱,事件,使唤,"007,103",否,薛姨妈道：‘把那匣子里的花儿拿来。’香菱答应了
薛姨妈,薛蟠,未分类,恐,025,否,薛蟠更比诸人忙到十分去：又恐薛姨妈被人挤倒，又恐薛宝钗被人瞧见，又恐香菱被人臊皮
薛姨妈,贾宝玉,未分类,称姨娘,035,否,薛姨妈问他可好些。宝玉忙欲欠身，口里答应着“好些”，又说：“只管惊动姨娘，姐姐，我禁不起。”
薛姨妈,贾宝玉,未分类,姨妈,036,否,我不去姨妈也未必恼。
薛姨妈,贾母,未分类,让酒,041,否,贾母笑道：“大家吃上两杯，今日着实有趣。”说着擎杯让薛姨妈，又向湘云宝钗道：“你姐妹两个也吃一杯。你妹妹虽不大会吃，也别饶他。”
薛姨妈,贾母,事件,命王夫人和迎春姊妹陪,041,否,贾母因觉身上乏倦，便命王夫人和迎春姊妹陪了薛姨妈去吃酒，自己便往稻香村来歇息。
薛姨妈,香菱,事件,命,048,否,又命香菱将他屋里也收拾严紧，“将门锁了，晚间和我去睡。”
薛姨妈,贾母,社会,宾客,050,是,你不该说姨太太是客，在咱们家受屈，我们该请姨太太才是
薛姨妈,贾琏,未分类,斟酒,054,否,贾珍先至李婶席上，躬身取下杯来，回身，贾琏忙斟了一盏，然后便至薛姨妈席上，也斟了。
薛姨妈,贾宝玉,未分类,斟酒,054,否,宝玉便要了一壶暖酒，也从李婶薛姨妈斟起
薛姨妈,邢岫烟,亲属,婆媳,057,是,如今薛姨妈既定了邢岫烟为媳，合宅皆知。
薛姨妈,邢夫人,亲属,亲家,057,是,黛玉忙让宝钗坐了，因向宝钗道：“天下的事真是人想不到的，怎么想的到姨妈和大舅母又作一门亲家。”
薛姨妈,贾母,未分类,托付照管,058,否,况贾母又千叮咛万嘱咐托他照管林黛玉
薛姨妈,贾母,事件,送东西,067,否,这里薛姨妈将箱子里的东西取出，一分一分的打点清楚，叫同喜送给贾母并王夫人等处不提。
薛姨妈,香菱,主仆,主仆,"080,083",是,命香菱“收拾了东西跟我来”
薛姨妈,贾母,事件,请安,083,否,老太太身上好，叫来请姨太太安，还谢谢前儿的荔枝，还给琴姑娘道喜。
薛姨妈,贾宝玉,未分类,称姨妈,084,否,宝玉听到这里，便接口道：“姨妈更不用悬心。
薛姨妈,香菱,未分类,同家,084,否,我也要到家里去看看，只剩下宝丫头和香菱了。
薛姨妈,薛蝌,未分类,见面陈说,086,否,薛蝌留下李祥在此照料，一径回家，见了薛姨妈，陈说知县怎样徇情，怎样审断，终定了误伤，将来尸亲那里再花些银子，一准赎罪，便没事了。
薛姨妈,薛蝌,亲属,侄儿,090,是,你虽是我侄儿，我看你还比你哥哥明白些，我这后辈子全靠你了。
薛姨妈,贾宝玉,亲属,姨甥（称姨妈）,091,是,又听见说姨妈来了，过来给姨妈请请安。
薛姨妈,贾政,事件,请托,099,否,贾政因薛姨妈之托曾托过知县
薛姨妈,金桂的母亲,亲属,亲家,103,是,薛姨妈只得后退，说：“亲家太太且请瞧瞧你女儿，问问宝蟾，再说歪话不迟。”
薛姨妈,贾琏,事件,请安,103,否,贾琏来了，给薛姨妈请了安，道了恼
薛姨妈,薛蝌,事件,命借贷,120,否,薛姨妈得了赦罪的信，便命薛蝌去各处借贷。
薛姨妈,香菱,亲属,婆媳,120,是,只香菱跟了你受了多少的苦处，你媳妇已经自己治死自己了，如今虽说穷了，这碗饭还有得吃，据我的主意，我便算他是媳妇了，你心里怎么样？
薛姨妈,袭人,事件,告知,120,否,王夫人便告诉了宝钗，仍请了薛姨妈细细的告诉了袭人。
薛宝琴,薛蝌,亲属,兄妹,049,是,后有薛蟠之从弟薛蝌，因当年父亲在京时已将胞妹薛宝琴许配都中梅翰林之子为婚
薛宝琴,贾母,未分类,同住,049,否,果然王夫人已认了宝琴作干女儿，贾母欢喜非常，连园中也不命住，晚上跟着贾母一处安寝。
薛宝琴,薛宝钗,亲属,姊妹,049,是,一时宝钗姊妹往薛姨妈房内去后
薛宝琴,贾宝玉,亲属,称呼：好妹妹,052,是,宝玉忙笑道：“好妹妹，你拿出来我瞧瞧。”
薛宝琴,薛宝钗,亲属,姐妹,"052,070,108",是,不但宝钗姊妹在此
薛宝琴,贾宝玉,事件,议亲,057,否,前儿老太太因要把你妹妹说给宝玉，偏生又有了人家，不然倒是一门好亲。
薛宝琴,豆官,事件,送了,058,否,将小花面豆官送了宝琴
薛宝琴,豆官,事件,所属,060,否,湘云的大花面葵官，宝琴的豆官，两个闻了此信
薛宝琴,贾宝玉,事件,同生日,062,否,原来宝琴也是这日，二人相同。
薛宝琴,贾探春,事件,请,063,否,便命翠墨同了小燕也再三的请了李纨和宝琴二人
薛宝琴,贾探春,亲属,姐妹,070,是,宝琴笑道：“你这个不大好看，不如三姐姐的那一个软翅子大凤凰好。”
薛宝琴,贾探春,亲属,宝琴称探春三姐姐,073,是,宝琴拍手笑说道：“三姐姐敢是有驱神召将的符术？”
薛宝琴,薛宝钗,未分类,同坐,103,否,便往里间屋里同宝琴坐下。
薛宝钗,薛蟠,亲属,兄妹,"004,034,035,047,048,067,080,085,090,100",是,还有一女，比薛蟠小两岁，乳名宝钗
薛宝钗,黄金莺,主仆,主仆,"007,029,035,059,097,109,118,119",是,只见薛宝钗家常打扮，头上只挽着儿，坐在炕里边，伏在几上和丫鬟莺儿正在那里描花样子呢
薛宝钗,贾宝玉,事件,问候,007,否,宝玉道：‘宝姐姐在家里作什么呢？怎么这几日也不过来？’
薛宝钗,黄金莺,主仆,主仆（丫鬟）,008,是,即令莺儿：“倒茶来。”
薛宝钗,贾宝玉,亲属,姐弟（称呼宝兄弟）,008,是,宝钗笑道：“宝兄弟，亏你每日家杂学旁收的，难道就不知道酒性最热，要热吃下去，发散的就快；要冷吃下去，便凝结在内。拿五脏去暖他，岂不受害？从此还不改了呢。快别吃那冷的了。”
薛宝钗,贾宝玉,亲属,姐弟称呼,"009,026",是,你怎么不去辞辞你宝姐姐呢？
薛宝钗,贾宝玉,亲属,姐弟相称,019,是,宝钗笑道：“原来是宝兄弟，怨不得他，他肚子里的故典原多。”
薛宝钗,贾宝玉,亲属,两姨姊妹,020,是,头一件，咱们是姑舅姊妹，宝姐姐是两姨姊妹，论亲戚，他比你疏。
薛宝钗,贾环,亲属,称宝姐姐,020,是,同宝姐姐顽的，莺儿欺负我，赖我的钱，宝玉哥哥撵我来了。
薛宝钗,黄金莺,冲突,训斥,020,是,宝钗见贾环急了，便瞅莺儿说道：“越大越没规矩，难道爷们还赖你？还不放下钱来呢！”
薛宝钗,贾琏,亲属,称薛妹妹,022,是,如今也照依给薛妹妹过就是了。
薛宝钗,贾宝玉,亲属,称好姐姐,"022,038",是,好姐姐，念与我听听。
薛宝钗,袭人,称谓,称宝姑娘,022,否,宝姑娘一定要还席的。
薛宝钗,贾元春,事件,命居住,023,否,命宝钗等只管在园中居住
薛宝钗,袭人,未分类,烦打结子,024,否,袭人因被薛宝钗烦了去打结子；
薛宝钗,薛蟠,未分类,恐,025,否,薛蟠更比诸人忙到十分去：又恐薛姨妈被人挤倒，又恐薛宝钗被人瞧见，又恐香菱被人臊皮
薛宝钗,贾宝玉,未分类,同处笑语,026,否,只听里面一阵笑语之声，细听一听，竟是宝玉、宝钗二人。
薛宝钗,贾宝玉,亲属,称宝姐姐,028,是,此刻忽见宝玉笑问道：‘宝姐姐，我瞧瞧你的红麝串子？’
薛宝钗,贾宝玉,亲属,称宝兄弟,028,是,宝钗笑道：‘我告诉你个笑话儿，才刚为那个药，我说了个不知道，宝兄弟心里不受用了。’
薛宝钗,贾宝玉,未分类,节礼一样,028,否,你的同宝姑娘的一样。
薛宝钗,贾宝玉,未分类,远着宝玉,028,否,薛宝钗因往日母亲对王夫人等曾提过‘金锁是个和尚给的，等日后有玉的方可结为婚姻’等语，所以总远着宝玉。
薛宝钗,贾母,未分类,到贾母这边,028,否,然后到了贾母这边，只见宝玉在这里呢。
薛宝钗,贾宝玉,未分类,劝陪林姑娘,028,否,宝钗因笑道：‘你正经去罢。吃不吃，陪着林姑娘走一趟，他心里打紧的不自在呢。’
薛宝钗,贾宝玉,未分类,叫抹骨牌,028,否,宝玉向宝钗道：‘老太太要抹骨牌，正没人呢，你抹骨牌去罢。’
薛宝钗,贾宝玉,亲属,称姐姐,"030,067",是,宝玉没甚说的，便向宝钗笑道：“大哥哥好日子，偏生我又不好了，没别的礼送，连个头也不得磕去。大哥哥不知我病，倒象我懒，推故不去的。倘或明儿恼了，姐姐替我分辨分辨。”
薛宝钗,靛儿,主仆,小丫头称宝姑娘,030,是,可巧小丫头靛儿因不见了扇子，和宝钗笑道：“必是宝姑娘藏了我的。好姑娘，赏我罢。”
薛宝钗,靛儿,冲突,训斥,030,是,宝钗指他道：“你要仔细！我和你顽过，你再疑我。和你素日嘻皮笑脸的那些姑娘们跟前，你该问他们去。”
薛宝钗,贾宝玉,未分类,奚落,030,否,宝玉听说，自己由不得脸上没意思，只得又搭讪笑道：“怪不得他们拿姐姐比杨妃，原来也体丰怯热。”宝钗听说，不由的大怒，待要怎样，又不好怎样。
薛宝钗,贾宝玉,未分类,回击,030,否,宝钗听说，不由的大怒，待要怎样，又不好怎样。回思了一回，脸红起来，便冷笑了两声，说道：“我倒象杨妃，只是没一个好哥哥好兄弟可以作得杨国忠的！”
薛宝钗,贾宝玉,亲属,姐弟,"031,037",是,宝钗笑道：“他再不想着别人，只想宝兄弟，两个人好憨的。这可见还没改了淘气。”
薛宝钗,袭人,事件,赠予,032,否,是宝姑娘给我的。
薛宝钗,贾宝玉,未分类,劝诫,032,否,上回也是宝姑娘也说过一回，他也不管人脸上过的去过不去，他就咳了一声，拿起脚来走了。
薛宝钗,金钏儿,未分类,给衣,032,否,我前儿倒做了两套，拿来给他岂不省事。
薛宝钗,袭人,未分类,代作针线,032,否,你不必忙，我替你作些如何？
薛宝钗,袭人,事件,送药,034,否,只见宝钗手里托着一丸药走进来，向袭人说道：“晚上把这药用酒研开，替他敷上，把那淤血的热毒散开，可以就好了。”
薛宝钗,贾宝玉,未分类,探病,034,否,宝钗见他睁开眼说话，不象先时，心中也宽慰了好些，便点头叹道：“早听人一句话，也不至今日。别说老太太，太太心疼，就是我们看着，心里也疼。”
薛宝钗,贾宝玉,未分类,导劝,036,否,或如宝钗辈有时见机导劝，反生起气来
薛宝钗,袭人,未分类,代做针线,036,否,因又见那活计实在可爱，不由的拿起针来，替他代刺。
薛宝钗,贾母,未分类,让吃酒,041,否,贾母笑道：“大家吃上两杯，今日着实有趣。”说着擎杯让薛姨妈，又向湘云宝钗道：“你姐妹两个也吃一杯。你妹妹虽不大会吃，也别饶他。”
薛宝钗,贾惜春,称谓,称呼,042,否,惜春道：“都是宝姐姐赞的他越发逞强，这会子拿我也取笑儿。”
薛宝钗,贾宝玉,称谓,称呼,042,否,再派了宝兄弟帮着他。
薛宝钗,贾探春,称谓,称呼,042,否,探春“嗳”了一声，笑个不住，说道：“宝姐姐，你还不拧他的嘴？你问问他编排你的话。”
薛宝钗,香菱,未分类,作伴,048,否,宝钗道：“妈既有这些人作伴，不如叫菱姐姐和我作伴去。我们园里又空
薛宝钗,黄金莺,事件,命,048,否,宝钗听了，忙命莺儿去要了一丸来与平儿。
薛宝钗,薛蝌,亲属,叔伯兄妹,049,是,他这叔伯兄弟形容举止另是一样了，倒象是宝姐姐的同胞弟兄似的。
薛宝钗,贾探春,未分类,让坐,055,否,时值宝钗也从上房中来，探春等忙起身让坐。
薛宝钗,邢岫烟,亲属,姊妹相呼,057,是,有时岫烟仍与宝钗闲话，宝钗仍以姊妹相呼。
薛宝钗,薛蝌,亲属,姐弟,062,是,姐姐兄弟只管请
薛宝钗,袭人,未分类,同庚,063,否,香菱，晴雯，宝钗三人皆与他同庚
薛宝钗,黄金莺,事件,差遣,067,否,宝钗见了，别的都不理论，倒是薛蟠的小像，拿着细细看了一看，又看看他哥哥，不禁笑起来了。因叫莺儿带着几个老婆子将这些东西连箱子送到园里去
薛宝钗,贾迎春,亲属,迎春称宝姐姐,073,是,方才连宝姐姐林妹妹大伙儿说情，老太太还不依
薛宝钗,香菱,主仆,主仆,"080,083",是,香菱果跟随宝钗去了
薛宝钗,贾宝玉,事件,送物,082,否,那婆子笑嘻嘻的道：“我们那里忙呢，都张罗琴姑娘的事呢。姑娘还有两瓶荔枝，叫给宝二爷送去。”
薛宝钗,贾宝玉,未分类,想念,084,否,谁知宝玉自从宝钗搬回家去，十分想念
薛宝钗,贾母,未分类,夸赞,084,否,都象宝丫头那样心胸儿脾气儿，真是百里挑一的。
薛宝钗,贾探春,亲属,以姐妹相称（称宝姐姐）,087,是,探春微笑道：“怎么不来，横竖要来的。如今是他们尊嫂有些脾气，姨妈上了年纪的人，又兼有薛大哥的事，自然得宝姐姐照料一切，那里还比得先前有工夫呢。”
薛宝钗,贾宝玉,亲属,姐弟（称宝姐姐）,091,是,因问：‘宝姐姐可大好了？’
薛宝钗,贾宝玉,未分类,婚约,096,否,宝玉的亲事老太太、太太已定了宝姑娘了，自然是极好的一件事。
薛宝钗,贾母,未分类,关怀,097,否,贾母也甚喜欢，又叫鸳鸯过来求薛姨妈和宝钗说明原故，不叫他受委屈。
薛宝钗,贾宝玉,亲属,夫妻,"097,098,099,101,104,108,109,111,113,116,118",是,袭人道：“老爷作主娶的是宝姑娘，怎么混说起林姑娘来。”
薛宝钗,薛蝌,亲属,兄妹,100,是,宝钗也哭着劝道：“银钱的事，妈妈操心也不中用，还有二哥哥给我们料理。
薛宝钗,贾探春,亲属,姑嫂,102,是,你三妹妹如今要出嫁了，只得你们作嫂子的大家开导开导他，也是你们姊妹之情。
薛宝钗,贾琏,未分类,称二妹子,103,否,贾琏道：“二妹子说得很是。报官还得我去，托了刑部里的人，相验问口供的时候有照应得。只是要捆宝蟾放香菱倒怕难些。”
薛宝钗,香菱,事件,问,103,否,宝钗便问道：“香菱，昨日你喝汤来着没有？”
薛宝钗,袭人,主仆,主仆,"104,109,118,119",是,宝钗叫袭人送过茶去
薛宝钗,麝月,主仆,主仆,"109,113",是,宝钗因命麝月五儿给宝玉仍在外间铺设了，又嘱咐两个人醒睡些，要茶要水都留点神儿。
薛宝钗,贾宝玉,未分类,拿玉劝说,117,否,只见宝钗走上来在宝玉手里拿了这玉，说道：“你也不用出去，我合太太给他钱就是了。”
薛宝钗,贾琏,事件,问安,117,否,宝钗迎着也问了贾琏的安。
薛宝钗,袭人,主仆,服侍,120,是,过了几日，起来服侍宝钗。
薛老大,香菱,未分类,妾,016,否,那薛老大也是‘吃着碗里看着锅里’的，这一年来的光景，他为要香菱不能到手，和姨妈打了多少饥荒。也因姨妈看着香菱模样儿好还是末则，其为人行事，却又比别的女孩子不同，温柔安静，差不多的主子姑娘也跟他不上呢，故此摆酒请客的费事，明堂正道的与他作了妾。
薛蝌,薛蟠,亲属,从兄弟,049,是,后有薛蟠之从弟薛蝌
薛蝌,邢岫烟,事件,议亲,057,否,忽想起薛蝌未娶，看他二人恰是一对天生地设的夫妻
薛蝌,薛蟠,亲属,兄弟,"085,090,100",是,大哥人命是误伤，不是故杀。今早用蝌出名补了一张呈纸进去，尚未批出。大哥前头口供甚是不好
薛蝌,邢岫烟,亲属,未婚夫妻,090,是,邢丫头实在是个有廉耻有心计儿的，又守得贫，耐得富。只是等咱们的事情过去了，早些把你们的正经事完结了，也了我一宗心事。
薛蝌,贾政,亲属,姨父,105,是,薛蝌气嘘嘘的跑进来说：“好容易进来了！姨父在那里。”
薛蝌,薛蟠,未分类,弟兄,120,否,一角文书将薛蟠放出。他们母子姊妹弟兄见面，不必细述，自然是悲喜交集了。
薛蟠,香菱,未分类,买,004,否,薛蟠见英莲生得不俗，立意买他
薛蟠,贾政,亲属,姨甥,004,是,恐姨父管约拘禁
薛蟠,贾代儒,未分类,师生,009,否,因此也假来上学读书，不过是三日打鱼，两日晒网，白送些束..礼物与贾代儒
薛蟠,香怜,未分类,相知,009,否,亦因知系薛蟠相知，故未敢轻举妄动。
薛蟠,金荣,社会,朋友,009,是,就连金荣亦是当日的好朋友，自有了香、玉二人，便弃了金荣。
薛蟠,贾瑞,未分类,依附讨好,009,否,后又附助着薛蟠图些银钱酒肉，一任薛蟠横行霸道，他不但不去管约，反助纣为虐讨好儿。
薛蟠,贾蔷,情感,相好,009,是,向日我又与薛大叔相好
薛蟠,贾瑞,未分类,相知,009,否,金荣贾瑞一干人，都是薛大叔的相知
薛蟠,贾珍,事件,吊问,013,否,可巧薛蟠来吊问，因见贾珍寻好板，便说道
薛蟠,贾珍,未分类,一同猜枚行令,019,否,贾珍、贾琏、薛蟠等只顾猜枚行令，百般作乐
薛蟠,贾琏,未分类,一同猜枚行令,019,否,贾珍、贾琏、薛蟠等只顾猜枚行令，百般作乐
薛蟠,香菱,未分类,恐,025,否,薛蟠更比诸人忙到十分去：又恐薛姨妈被人挤倒，又恐薛宝钗被人瞧见，又恐香菱被人臊皮
薛蟠,贾宝玉,亲属,兄弟称呼,026,是,宝玉也无法了，只好笑问道：“你哄我也罢了，怎么说我父亲呢？我告诉姨娘去，评评这个理，可使得么？”薛蟠忙道：“好兄弟，我原为求你快些出来，就忘了忌讳这句话。改日你也哄我，说我的父亲就完了。”
薛蟠,贾宝玉,未分类,称薛大哥哥,028,否,前儿薛大哥哥求了我一二年，我才给了他这方子。
薛蟠,贾宝玉,未分类,指着宝玉,028,否,薛蟠道：‘袭人可不是宝贝是什么！你们不信，只问他。’说毕，指着宝玉。
薛蟠,贾蓉,称谓,称呼,047,否,薛大叔天天调情，今儿调到苇子坑里来了。
薛蟠,邢岫烟,事件,议亲,057,否,因薛姨妈看见邢岫烟生得端雅稳重，且家道贫寒，是个钗荆裙布的女儿。便欲说与薛蟠为妻。
薛蟠,邢德全,未分类,赌友,075,否,薛蟠早已出名的呆大爷。今日二人皆凑在一处，都爱“抢新快”爽利，便又会了两家，在外间炕上“抢新快”。
薛蟠,香菱,亲属,妾室,079,是,又见有香菱这等一个才貌俱全的爱妾在室，越发添了“宋太祖灭南唐”之意，“卧榻之侧岂容他人酣睡”之心。
薛蟠,贾宝玉,亲属,兄弟,079,是,我何曾不来。如今你哥哥回来了，那里比先时自由自在的了。
薛蟠,香菱,未分类,妾,080,否,虽在薛蟠房中几年
薛蟠,贾琏,事件,请托,099,否,还求琏二爷去花了好些钱各衙门打通了才提的。
薛蟠,香菱,亲属,夫妻,120,是,薛蟠点头愿意。宝钗等也说：“很该这样。”倒把香菱急得脸胀通红，说是：“伏侍大爷一样的，何必如此。”众人便称起大奶奶来，无人不服。
蝉姐儿,贾探春,未分类,当役,060,否,谁知夏婆子的外孙女儿蝉姐儿便是探春处当役的
袭人,贾母,主仆,主仆,"003,097,120",是,原来这袭人亦是贾母之婢，本名珍珠。
袭人,贾宝玉,主仆,主仆,"003,009,026,031,033,035,039,046,050,051,070,074,078,083,085,089,094,096,097,101,104,109,113,118,120",是,遂与了宝玉。
袭人,贾宝玉,主仆,主仆（丫鬟为伴）,005,是,于是众奶姆伏侍宝玉卧好，款款散去，只留下袭人、晴雯、麝月、秋纹四个丫鬟为伴。
袭人,贾宝玉,未分类,保护安抚,005,否,吓得袭人辈众丫鬟忙上来搂住，叫：“宝玉不怕，我们在这里呢！”
袭人,贾宝玉,未分类,云雨情,006,否,宝玉亦素喜袭人柔媚姣俏，遂强拉袭人同领警幻所训之事。
袭人,贾宝玉,主仆,主仆（伏侍）,008,是,袭人等便搀至炕上，脱了衣裳，不知宝玉口内还说些什么，只觉口齿缠绵，眉眼愈加饧涩，忙伏侍他睡下。
袭人,贾宝玉,未分类,扶侍,013,否,袭人等慌慌忙忙上来扌留扶，问是怎么样，又要回贾母来请大夫。
袭人,袭人的母亲,亲属,母女,019,是,袭人的母亲又亲来回过贾母，接袭人家去吃年茶
袭人,贾宝玉,未分类,留物,019,否,宝玉想上次袭人喜吃此物，便命留与袭人了。
袭人,贾宝玉,未分类,迎接,019,否,袭人听了，也不知为何，忙跑出来迎着宝玉，一把拉着问：“你怎么来了？”
袭人,麝月,未分类,亲厚,021,否,宝玉素知麝月与袭人亲厚，一并连麝月也不理，揭起软帘自往里间来。
袭人,贾宝玉,主仆,伏侍,"021,023,082,095",是,横竖有人伏侍你，再别来支使我。
袭人,贾母,主仆,伏侍,021,是,我仍旧还伏侍老太太去。
袭人,贾宝玉,事件,打发吃,023,否,袭人天天晚上想着，打发我吃。
袭人,贾宝玉,未分类,同回房,023,否,宝玉听了，忙拿了书，别了黛玉，同袭人回房换衣不提。
袭人,贾宝玉,未分类,找回,024,否,宝玉因被袭人找回房去
袭人,鸳鸯,未分类,看针线,024,否,果见鸳鸯歪在床上看袭人的针线呢
袭人,鸳鸯,事件,呼唤,024,否,鸳鸯便叫道：“袭人，你出来瞧瞧。”
袭人,贾宝玉,未分类,劝,024,否,袭人抱了衣服出来，向宝玉道：“左劝也不改，右劝也不改，你到底是怎么样？
袭人,贾宝玉,未分类,袭人在宝玉房中,026,否,他也知道袭人在宝玉房中比别个不同，今见他端了茶来，宝玉又在旁边坐着，便忙站起来笑道：“姐姐怎么替我倒起茶来。我来到叔叔这里，又不是客，让我自己倒罢。”
袭人,贾宝玉,未分类,回说,028,否,袭人便回说：‘二奶奶打发人叫了红玉去了。他原要等你来的，我想什么要紧，我就作了主，打发他去了。’
袭人,贾宝玉,未分类,换汗巾子,028,否,袭人低头一看，只见昨日宝玉系的那条汗巾子系在自己腰里呢，便知是宝玉夜间换了
袭人,贾宝玉,未分类,称爷,030,否,袭人见了又是着忙又是可笑，忙开了门，笑的弯着腰拍手道：“这么大雨地里跑什么？那里知道爷回来了。”
袭人,贾宝玉,未分类,误踢,030,否,宝玉一肚子没好气，满心里要把开门的踢几脚，及开了门，并不看真是谁，还只当是那些小丫头子们，便抬腿踢在肋上。袭人“嗳哟”了一声。
袭人,贾宝玉,主仆,被派跟随,032,是,怎么就把你派了跟二哥哥，我来了，你就不象先待我了。
袭人,贾宝玉,事件,送扇,032,否,袭人怕他热，忙拿了扇子赶来送与他，忽抬头见了林黛玉和他站着。
袭人,贾宝玉,主仆,服侍,"034,081",是,袭人道：“宝姑娘送去的药，我给二爷敷上了，比先好些了。先疼的躺不稳，这会子都睡沉了，可见好些了。”
袭人,贾母,事件,原所属,036,否,袭人原是老太太的人，不过给了宝兄弟使。
袭人,贾宝玉,事件,所属,036,否,如今说因为袭人是宝玉的人，裁了这一两银子，断然使不得。
袭人,袭人之母,亲属,母女,051,是,人家母女一场，岂有不许他去的。
袭人,贾宝玉,未分类,记挂,052,否,宝玉因记挂着晴雯袭人等事
袭人,贾母,主仆,伏侍/主仆,054,是,我想着，他从小儿伏侍了我一场，又伏侍了云儿一场，末后给了一个魔王宝玉
袭人,贾宝玉,主仆,给宝玉/伏侍,054,是,末后给了一个魔王宝玉
袭人,贾宝玉,未分类,代领月钱,055,否,宝玉的是老太太屋里袭人领二两
袭人,贾宝玉,事件,吩咐,060,否,说着命袭人取了出来
袭人,香菱,未分类,交好,062,否,况与香菱素相交好
袭人,贾宝玉,未分类,替你过生日,063,否,我们八个人单替你过生日。
袭人,香菱,未分类,同庚,063,否,香菱，晴雯，宝钗三人皆与他同庚
袭人,香菱,未分类,拉来,063,否,袭人又死活拉了香菱来。
袭人,贾宝玉,事件,照看,067,否,倒是宝兄弟屋里虽然人多，也就靠着你一个照看他，也实在的离不开。
袭人,麝月,主仆,同伏侍,082,是,麝月袭人才伏侍他睡下，两个才也睡了。
袭人,贾宝玉,未分类,偏房,082,否,忽又想到自己终身本不是宝玉的正配，原是偏房。
袭人,贾芸,未分类,亲近之意,085,否,那贾芸原要过来和袭人说话，无非亲近之意
袭人,贾宝玉,事件,主仆（袭人问宝玉）,087,否,袭人问道：“怎么又回来了？”宝玉告诉了他，只坐了一坐儿，便往外走。
袭人,贾母,未分类,派使,095,否,只派袭人秋纹跟过来
袭人,贾宝玉,主仆,侍奉,099,是,袭人倒可少费些唇舌，惟知悉心伏侍。
袭人,贾母,未分类,交托,108,否,贾母便说：“袭人，我素常知你明白，才把宝玉交给你，怎么今儿带他园里去！他的病才好，倘或撞着什么，又闹起来，这便怎么处？”
袭人,贾宝玉,未分类,拉住劝阻,117,否,袭人听说，即忙拉住宝玉道：“这断使不得的！那玉就是你的命，若是他拿去了，你又要病着了。”
袭人,贾宝玉,主仆,服侍/屋里人,120,是,我是太太派我服侍你，虽是月钱照着那样的分例，其实我究竟没有在老爷太太跟前回明就算了你的屋里人。
袭人的母亲,贾母,未分类,回禀,019,否,袭人的母亲又亲来回过贾母，接袭人家去吃年茶
裘世安,贾琏,事件,请托办事,101,否,我见他们吓的那么个样儿，再者又关系太太和你，我才应了。想着找找总理内庭都检点老裘替办办，或者前任后任挪移挪移。
西平王,贾政,社会,君臣,105,是,贾政等知事不好，连忙跪接。西平郡王用两手扶起，笑嘻嘻的说道：“无事不敢轻造，有奉旨交办事件，要赦老接旨。如今满堂中筵席未散，想有亲友在此未便，且请众位府上亲友各散，独留本宅的人听候。”
西平王,贾赦,未分类,奉旨查产,105,否,西平王慢慢的说道：“小王奉旨带领锦衣府赵全来查看贾赦家产。”
西平王,赵堂官,事件,请安,105,否,赵堂官抢上去请了安，便说：“王爷已到，随来各位老爷就该带领府役把守前后门。”
詹光,贾政,未分类,门客,084,否,詹光道：“这是老世翁过谦的话。不但王大兄这般说，就是我们看，宝二爷必定要高发的。”
詹光,贾政,未分类,下棋,092,否,贾政这日正与詹光下大棋
警幻,贾宝玉,未分类,引导随行,005,否,宝玉听了，喜跃非常，便忘了秦氏在何处，竟随着这仙姑到了一个所在
警幻,贾宝玉,未分类,警告,005,否,忽见警幻从后追来，说道：“快休前进，作速回头要紧！”
警幻,贾宝玉,未分类,评价,005,否,吾所爱汝者，乃天下古今第一淫人也！
警幻,贾宝玉,未分类,授云雨,005,否,说毕，便秘授以云雨之事，推宝玉入房中，将门掩上自去。
费婆子,邢夫人,未分类,陪房,071,否,这费婆子原是邢夫人的陪房
贾代儒,贾瑞,未分类,委托管理,009,否,将学中之事，又命贾瑞暂且管理。
贾代儒,贾瑞,亲属,祖孙,012,是,原来贾瑞父母早亡，只有他祖父代儒教养。
贾代儒,贾政,未分类,托付管教,081,否,贾政道：“我今日自己送他来，因要求托一番。这孩子年纪也不小了，到底要学个成人的举业，才是终身立身成名之事。如今他在家中只是和些孩子们混闹，虽懂得几句诗词，也是胡诌乱道的，就是好了，也不过是风云月露，与一生的正事毫无关涉。”
贾代儒,贾宝玉,未分类,师生,"081,084,089",否,代儒道：“宝玉，我听见说你前儿有病，如今可大好了？”宝玉站起来道：“大好了。”
贾代儒,贾宝玉,事件,讲书/考问,082,否,代儒道：“宝玉，有一章书你来讲讲。”
贾代儒,贾宝玉,未分类,称太爷,085,否,宝玉陪笑道：“过来见了太爷，好到老爷那边去。”
贾代儒,贾兰,事件,请教,117,否,独有贾兰跟着他母亲上紧攻书，作了文字送到学里请教代儒。
贾代化,贾敷,亲属,父子,002,是,贾代化袭了官，也养了两个儿子：长名贾敷，至八九岁上便死了，只剩了次子贾敬袭了官
贾代化,贾敬,亲属,父子,002,是,贾代化袭了官，也养了两个儿子：长名贾敷，至八九岁上便死了，只剩了次子贾敬袭了官
贾代化,贾蓉,亲属,曾祖孙,013,是,江南江宁府江宁县监生贾蓉，年二十岁。曾祖，原任京营节度使世袭一等神威将军贾代化；祖，乙卯科进士贾敬；父，世袭三品爵威烈将军贾珍。
贾代善,贾赦,亲属,父子,002,是,长子贾代善袭了官，娶的也是金陵世勋史侯家的小姐为妻，生了两个儿子：长子贾赦，次子贾政。
贾代善,贾政,亲属,父子,002,是,长子贾代善袭了官，娶的也是金陵世勋史侯家的小姐为妻，生了两个儿子：长子贾赦，次子贾政。
贾元春,贾政,亲属,父女,002,是,政老爹的长女，名元春，现因贤孝才德，选入宫作女史去了。
贾元春,贾宝玉,亲属,亲姊妹,020,是,因他自幼姊妹丛中长大，亲姊妹有元春、探春，伯叔的有迎春、惜春，亲戚中又有史湘云、林黛玉、薛宝钗等诸人。
贾元春,贾探春,事件,差遣,023,否,命探春依次抄录妥协
贾元春,贾宝玉,事件,命读书,023,否,命宝玉仍随进去读书。
贾元春,贾珍,未分类,叫领众跪香,028,否,昨儿贵妃打发夏太监出来，送了一百二十两银子，叫在清虚观初一到初三打三天平安醮，唱戏献供，叫珍大爷领着众位爷们跪香拜佛呢。
贾元春,贾母,事件,问安,083,否,元妃便向贾母道：“近日身上可好？”
贾元春,邢夫人,事件,问好,083,否,元妃又向邢夫人王夫人问了好，邢王二夫人站着回了话。
贾元春,贾宝玉,事件,问及,083,否,元妃又问：“宝玉近来若何？”
贾元春,贾探春,亲属,姐妹,095,是,接连着元妃姐姐薨逝
贾元春,贾宝玉,亲属,姐弟,"096,116,119",是,宝玉应照已出嫁的姐姐有九个月的功服
贾元春,贾母,亲属,祖孙,110,是,又系元妃祖母，赏银一千两
贾兰,贾珠,亲属,父子,004,是,珠虽夭亡，幸存一子，取名贾兰
贾兰,贾菌,社会,朋友,009,是,这贾菌与贾兰最好，所以二人同桌而坐。
贾兰,贾菌,亲属,兄弟相称,009,是,好兄弟，不与咱们相干。
贾兰,贾环,亲属,叔侄,"024,078,119",是,只见贾环、贾兰小叔侄两个也来了
贾兰,邢夫人,未分类,招待,024,否,邢夫人便叫他两个椅子上坐了。
贾兰,贾宝玉,亲属,叔侄,"026,088,115,118,119",是,只见贾兰在后面拿着一张小弓追了下来，一见宝玉在前面，便站住了，笑道：“二叔叔在家里呢，我只当出门去了。”
贾兰,贾琏,事件,带领,058,否,贾琏已备下年例祭祀，带领贾环，贾琮，贾兰三人去往铁槛寺祭柩烧纸。
贾兰,贾政,亲属,祖孙,"105,110,116,118",是,贾兰便说：“请爷爷进内瞧老太太，再想法儿打听东府里的事。”
贾兰,贾母,未分类,曾祖母曾孙,110,否,我想再见一个重孙子我就安心了。我的兰儿在那里呢？
贾兰,贾探春,亲属,姑侄,118,是,宝玉接在手中看了，便道：“你三姑姑回来了。”贾兰道：“爷爷既如此写，自然是回来的了。”
贾兰,贾政,未分类,念到,120,否,贾兰念到贾政亲见宝玉的一段
贾妃,贾母,未分类,教养,018,否,当日这贾妃未入宫时，自幼亦系贾母教养。
贾妃,贾宝玉,未分类,姊弟,018,否,贾妃乃长姊，宝玉为弱弟
贾妃,贾宝玉,未分类,教授,018,否,那宝玉未入学堂之先，三四岁时，已得贾妃手引口传，教授了几本书、数千字在腹内了。
贾妃,贾宝玉,亲属,情状如母子,018,是,其名分虽系姊弟，其情状有如母子。
贾妃,贾政,亲属,父女,018,是,贾政至帘外问安，贾妃垂帘行参等事。又隔帘含泪谓其父曰
贾妃,龄官,未分类,称赏,018,否,太监又道：“贵妃有谕，说‘龄官极好，再作两出戏，不拘那两出就是了’。”
贾妃,贾宝玉,未分类,赐物,019,否,忽又有贾妃赐出糖蒸酥酪来，宝玉想上次袭人喜吃此物，便命留与袭人了。
贾宝玉,贾政,亲属,父子,"002,015,023,025,033,077,081,084,085,096,097,104,105,113,114,115",是,这政老爹的夫人王氏，头胎生的公子，名唤贾珠，十四岁进学，不到二十岁就娶了妻生了子，一病死了。第二胎生了一位小姐，生在大年初一，这就奇了，不想后来又生一位公子，说来更奇，一落胎胞，嘴里便衔下一块五彩晶莹的玉来，上面还有许多字迹，就取名叫作宝玉。
贾宝玉,贾珠,亲属,兄弟,"002,033",是,这政老爹的夫人王氏，头胎生的公子，名唤贾珠，十四岁进学，不到二十岁就娶了妻生了子，一病死了。第二胎生了一位小姐，生在大年初一，这就奇了，不想后来又生一位公子，说来更奇，一落胎胞，嘴里便衔下一块五彩晶莹的玉来，上面还有许多字迹，就取名叫作宝玉。
贾宝玉,贾母,未分类,照料,005,否,一时宝玉倦怠，欲睡中觉。贾母命人好生哄着，歇息一回再来。
贾宝玉,麝月,主仆,主仆（丫鬟为伴）,005,是,于是众奶姆伏侍宝玉卧好，款款散去，只留下袭人、晴雯、麝月、秋纹四个丫鬟为伴。
贾宝玉,贾母,未分类,留解闷,007,否,只留宝玉黛玉二人在这边解闷
贾宝玉,金荣,冲突,冲突,009,是,便夺手要去抓打宝玉秦钟。
贾宝玉,锄药,主仆,主仆,"009,085",是,宝玉还有三个小厮：一名锄药，一名扫红，一名墨雨。
贾宝玉,贾瑞,未分类,央告,009,否,只得委曲着来央告秦钟，又央告宝玉。
贾宝玉,贾蓉,称谓,贾蓉称宝玉二叔,011,否,贾蓉叫：“快倒茶来，婶子和二叔在上房还未喝茶呢。”
贾宝玉,贾母,事件,命人备车,013,否,宝玉那里肯依。贾母命人备车，多派跟随人役，拥护前来。
贾宝玉,贾母,事件,命人带他戏耍,017,否,贾母常命人带他到园中来戏耍。
贾宝玉,贾珍,事件,告知,017,否,忽见贾珍走来，向他笑道：“你还不出去，老爷就来了。”
贾宝玉,贾政,事件,命跟来,017,否,贾政近因闻得塾掌称赞宝玉专能对对联，虽不喜读书，偏倒有些歪才情似的，今日偶然撞见这机会，便命他跟来。
贾宝玉,贾政,未分类,扶,017,否,命贾珍在前引导，自己扶了宝玉，逶迤进入山口。
贾宝玉,贾政,事件,命拟,017,否,贾政听了，便回头命宝玉拟来。
贾宝玉,贾政,事件,命作对联,017,否,贾政道：“匾上二字容易。再作一副七言对联来。”宝玉听说，立于亭上，四顾一望，便机上心来，乃念道：
贾宝玉,贾珍,亲属,称宝兄弟,017,是,贾珍笑道：“还是宝兄弟拟一个来。”
贾宝玉,贾政,冲突,叱骂,017,是,贾政点头道：“畜生，畜生，可谓‘管窥蠡测’矣。”因命：“再题一联来。”宝玉便念道：
贾宝玉,贾政,事件,喝命,017,否,贾政气的喝命：“叉出去，”刚出去，又喝命：“回来！”命再题一联：“若不通，一并打嘴！”宝玉只得念道：
贾宝玉,贾政,未分类,喝斥,017,否,未及说完，贾政喝道：“谁问你来！”唬的宝玉倒退，不敢再说。
贾宝玉,贾政,事件,喝问,017,否,忽抬头见宝玉在旁不敢则声，因喝道：“怎么你应说话时又不说了？还要等人请教你不成！”宝玉听说，便回道：
贾宝玉,贾政,事件,喝命去,017,否,贾政忽想起他来，方喝道：“你还不去？难道还逛不足！也不想逛了这半日，老太太必悬挂着。快进去，疼你也白疼了。”宝玉听说，方退了出来。
贾宝玉,贾母,未分类,找,017,否,前面贾母一片声找宝玉。
贾宝玉,贾政,未分类,称老爷,017,否,宝玉听说，连忙回道：“老爷方才所议已是。”
贾宝玉,贾母,未分类,回禀,019,否,宝玉忙回了贾母，传医诊视
贾宝玉,贾探春,亲属,亲姊妹,020,是,因他自幼姊妹丛中长大，亲姊妹有元春、探春，伯叔的有迎春、惜春，亲戚中又有史湘云、林黛玉、薛宝钗等诸人。
贾宝玉,贾迎春,未分类,伯叔的,020,否,因他自幼姊妹丛中长大，亲姊妹有元春、探春，伯叔的有迎春、惜春，亲戚中又有史湘云、林黛玉、薛宝钗等诸人。
贾宝玉,贾惜春,未分类,伯叔的,020,否,因他自幼姊妹丛中长大，亲姊妹有元春、探春，伯叔的有迎春、惜春，亲戚中又有史湘云、林黛玉、薛宝钗等诸人。
贾宝玉,贾环,未分类,哥哥,020,否,同宝姐姐顽的，莺儿欺负我，赖我的钱，宝玉哥哥撵我来了。
贾宝玉,麝月,主仆,伏侍,020,是,命麝月悄悄的伏侍他睡下，不肯惊动袭人。
贾宝玉,贾母,未分类,安慰,023,否,贾母只得安慰他道
贾宝玉,金钏,未分类,拉住,023,否,金钏一把拉住宝玉
贾宝玉,赵姨娘,未分类,打帘子,023,否,赵姨娘打起帘子，宝玉躬身进去。
贾宝玉,鸳鸯,未分类,调笑,024,否,宝玉便把脸凑在他脖项上，闻那香油气，不住用手摩挲，其白腻不在袭人之下，便猴上身去涎皮笑道：“好姐姐，把你嘴上的胭脂赏我吃了罢。”
贾宝玉,贾母,未分类,见,"024,082",否,同鸳鸯往前面来见贾母。
贾宝玉,邢夫人,未分类,拉坐,024,否,邢夫人拉他上炕坐了
贾宝玉,贾琮,事件,问好,024,否,只见那贾琮来问宝玉好。
贾宝玉,贾母,未分类,见过,024,否,见过贾母、王夫人等，各自回房安息。
贾宝玉,贾芸,亲属,叔侄,"024,026,085,088",是,如若宝叔不嫌侄儿蠢笨，认作儿子，就是我的造化了。
贾宝玉,贾芸,亲属,戏言父子,024,是,你倒比先越发出挑了，倒象我的儿子。
贾宝玉,马道婆,未分类,寄名干娘,025,否,就有宝玉寄名的干娘马道婆进荣国府来请安。
贾宝玉,贾环,未分类,恨,025,否,原来贾环听的见，素日原恨宝玉，如今又见他和彩霞闹，心中越发按不下这口毒气。
贾宝玉,赵姨娘,冲突,不忿,025,是,那赵姨娘素日虽然常怀嫉妒之心，不忿凤姐宝玉两个，也不敢露出来；
贾宝玉,贾母,未分类,围着哭,025,否,到了第四日早晨，贾母等正围着宝玉哭时
贾宝玉,贾政,事件,召唤,026,否,却说那林黛玉听见贾政叫了宝玉去了，一日不回来，心中也替他忧虑。
贾宝玉,贾探春,亲属,兄妹,"027,037,049,095,100,102,119",是,显见的是哥哥妹妹了
贾宝玉,贾探春,未分类,称二哥哥,028,否,探春惜春都笑道：‘二哥哥，你成日家忙些什么？吃饭吃茶也是这么忙碌碌的。’
贾宝玉,贾惜春,未分类,称二哥哥,028,否,探春惜春都笑道：‘二哥哥，你成日家忙些什么？吃饭吃茶也是这么忙碌碌的。’
贾宝玉,贾母,未分类,找去吃饭,028,否,只见贾母房里的丫头找宝玉林黛玉去吃饭。
贾宝玉,锄药,主仆,小厮,028,是,只带着焙茗、锄药、双瑞、双寿四个小厮去了。
贾宝玉,贾母,未分类,叫谢恩,028,否,老太太说了，明儿叫你一个五更天进去谢恩呢。
贾宝玉,贾母,事件,问吃,028,否,贾母因问他：‘跟着你娘吃了什么好的？’
贾宝玉,贾母,亲属,祖孙,"029,049,096,108,109,110,111",是,我养这些儿子孙子，也没一个像他爷爷的，就只这玉儿像他爷爷。
贾宝玉,金钏儿,未分类,讨要,030,否,宝玉上来便拉着手，悄悄的笑道：“我明日和太太讨你，咱们在一处罢。”
贾宝玉,贾母,未分类,称老太太,030,否,宝玉见他摔了帕子来，忙接住拭了泪，又挨近前些，伸手拉了林黛玉一只手，笑道：“我的五脏都碎了，你还只是哭。走罢，我同你往老太太跟前去。”
贾宝玉,麝月,主仆,主仆,"031,035,051,052,074,078,089,109,113,118",是,碧痕、秋纹、麝月等众丫鬟见吵闹，都鸦雀无闻的在外头听消息
贾宝玉,贾雨村,事件,请见,032,否,都是他自己要请我去见的。
贾宝玉,贾环,亲属,兄弟,"033,060,075,094,112,115,119",是,宝玉哥哥前日在太太屋里
贾宝玉,贾母,未分类,给汤,034,否,袭人道：“老太太给的一碗汤，喝了两口，只嚷干渴，要吃酸梅汤。
贾宝玉,贾政,未分类,要叫,036,否,你老爷要叫宝玉，你不用上来传话
贾宝玉,贾母,未分类,传话使放心,036,否,贾母又命李嬷嬷袭人等来将此话说与宝玉，使他放心。
贾宝玉,龄官,未分类,寻找听曲,036,否,因闻得梨香院的十二个女孩子中有小旦龄官最是唱的好，因着意出角门来找时
贾宝玉,龄官,未分类,躲避,036,否,不想龄官见他坐下，忙抬身起来躲避
贾宝玉,贾蔷,事件,问答,036,否,宝玉问他：“是个什么雀儿，会衔旗串戏台？”贾蔷笑道：“是个玉顶金豆。”
贾宝玉,贾芸,亲属,父子（认亲）,037,是,父亲大人万福金安：男思自蒙天恩，认于膝下
贾宝玉,贾惜春,未分类,帮助,042,否,再派了宝兄弟帮着他。
贾宝玉,贾惜春,未分类,帮忙,045,否,宝玉每日便在惜春这里帮忙。
贾宝玉,贾母,情感,疼爱,"045,057,084,097",是,因见老太太多疼了宝玉和凤丫头两个
贾宝玉,赖尚荣,称谓,称呼,047,否,好叔叔，把他交给你，我张罗人去了。
贾宝玉,贾母,未分类,赏赐,052,否,今儿老太太喜喜欢欢的给了这个褂子
贾宝玉,鸳鸯,未分类,避嫌,052,否,因自那日鸳鸯发誓决绝之后，他总不和宝玉讲话。
贾宝玉,麝月,事件,回话,053,否,麝月便将平儿所说宋妈坠儿一事，并晴雯撵逐出去等话，一一也曾回过宝玉。
贾宝玉,贾母,未分类,祖母与孙子,056,否,贾母笑道：“岂敢，就是我的孙子。人来。”众媳妇丫头答应了一声，走近几步。贾母笑道：“园里把咱们的宝玉叫了来，给这四个管家娘子瞧瞧，比他们的宝玉如何？”
贾宝玉,邢岫烟,事件,同生日,062,否,原来邢妹妹也是今儿？我怎么就忘了。
贾宝玉,邢岫烟,事件,请教,063,否,如今遇见姐姐，真是天缘巧合，求姐姐指教。
贾宝玉,贾琏,亲属,兄弟（称琏二哥哥）,066,是,我又听见茗烟说，琏二哥哥着实问你，不知有何话说？
贾宝玉,贾探春,亲属,称呼三妹妹,071,是,谁都象三妹妹好多心
贾宝玉,贾珍,亲属,兄弟（称呼）,075,是,贾母笑问道：“这两日你宝兄弟的箭如何了？”贾珍忙起身笑道：“大长进了，不但样式好，而且弓也长了一个力气。”
贾宝玉,贾迎春,亲属,姐弟,079,是,才刚太太打发人叫你明儿一早快过大舅母那边去。你二姐姐已有人家求准了，想是明儿那家人来拜允，所以叫你们过去呢。
贾宝玉,贾迎春,亲属,姐弟相称,081,是,我想咱们这样人家的姑娘，那里受得这样的委屈。况且二姐姐是个最懦弱的人，向来不会和人拌嘴，偏偏儿的遇见这样没人心的东西，竟一点儿不知道女人的苦处。
贾宝玉,麝月,未分类,传话,081,否,只见麝月慌慌张张的跑来说：“二爷，老太太醒了，叫你快去呢。”
贾宝玉,贾探春,亲属,兄妹相称,081,是,探春道：“我就知道再不是别人，必是二哥哥这样淘气。没什么说的，你好好儿的赔我们的鱼罢。刚才一个鱼上来，刚刚儿的要钓着，叫你唬跑了。”
贾宝玉,贾母,事件,吩咐,082,否,贾母笑道：“好了，如今野马上了笼头了。去罢，见见你老爷，回来散散儿去罢。”
贾宝玉,贾政,事件,见/问答,082,否,宝玉答应着，去见贾政。贾政道：“这早晚就下了学了么？师父给你定了工课没有？”
贾宝玉,麝月,事件,使唤,082,否,我要使唤，横竖有麝月秋纹呢，你歇歇去罢。
贾宝玉,贾珍,亲属,兄弟,085,是,他兄弟三人也过来问了好。
贾宝玉,贾琏,亲属,兄弟,"085,109,118",是,他兄弟三人也过来问了好。
贾宝玉,麝月,亲属,称姐姐,085,是,次日宝玉起来梳洗了，便往家塾里去。走出院门，忽然想起，叫焙茗略等，急忙转身回来叫：“麝月姐姐呢？”
贾宝玉,贾赦,事件,带领,093,否,于是贾赦带着宝玉走入院内
贾宝玉,贾蓉,亲属,叔侄,102,是,我还听见宝叔家的茗烟说
贾宝玉,贾芸,事件,送礼、派事,104,否,那年倪二借银与我，买了香料送给他，才派我种树
贾宝玉,贾惜春,亲属,兄妹,"116,118,119",是,惜春便说道：“那年失玉，还请妙玉请过仙，说是‘青埂峰下倚古松’，还有什么‘入我门来一笑逢’的话，想起来‘入我门’三字大有讲究。佛教的法门最大，只怕二哥不能入得去。”宝玉听了，又冷笑几声。
贾宝玉,贾环,未分类,哥儿两个,117,否,如今宝玉贾环他哥儿两个各有一种脾气，闹得人人不理。
贾宝玉,贾惜春,未分类,闲讲,117,否,闲来倒与惜春闲讲。他们两个人讲得上了，那种心更加准了几分。
贾宝玉,贾蔷,未分类,想勾引,117,否,那贾蔷还想勾引宝玉，贾芸拦住道：“宝二爷那个人没运气的，不用惹他。”
贾宝玉,贾芸,未分类,说亲,117,否,贾芸拦住道：“宝二爷那个人没运气的，不用惹他。那一年我给他说了一门子绝好的亲，父亲在外头做税官，家里开几个当铺，姑娘长的比仙女儿还好看。”
贾宝玉,黄金莺,主仆,主仆,118,是,只见莺儿端了一盘瓜果进来说：“太太叫人送来给二爷吃的。这是老太太的克什。”
贾宝玉,贾政,未分类,养育,120,否,那宝玉生下时衔了玉来，便也古怪，我早知不祥之兆，为的是老太太疼爱，所以养育到今。
贾惜春,贾珍,亲属,胞兄妹,002,是,四小姐乃宁府珍爷之胞妹，名唤惜春。
贾惜春,贾探春,亲属,姊妹,"003,018",是,迎春姊妹三个告了座方上来。迎春便坐右手第一，探春左第二，惜春右第二。
贾惜春,贾迎春,亲属,姊妹,"003,018",是,迎春姊妹三个告了座方上来。迎春便坐右手第一，探春左第二，惜春右第二。
贾惜春,贾母,亲属,祖孙（孙女儿）,005,是,贾母万般怜爱，寝食起居一如宝玉，把那迎春、探春、惜春三个孙女儿倒且靠后了
贾惜春,贾母,亲属,祖孙,040,是,贾母听说，便指着惜春笑道：“你瞧我这个小孙女儿，他就会画。等明儿叫他画一张如何？”
贾惜春,贾珍,亲属,兄妹,065,是,四姑娘小，他正经是珍大爷亲妹子
贾惜春,贾探春,未分类,同处/论评画,082,否,且说探春湘云正在惜春那边论评惜春所画大观园图
贾惜春,邢夫人,事件,磕头求容,117,否,赶到邢夫人王夫人那里去磕了头，说是要求容他做尼姑呢，送他一个地方，若不容他，他就死在眼前。
贾惜春,贾芸,未分类,假意劝,117,否,两人商量定了主意，进去见了邢王两位太太，便假意的劝了一回。无奈惜春立意必要出家，就不放他出去，只求一两间净屋子给他诵经拜佛。
贾惜春,贾蔷,未分类,假意劝,117,否,两人商量定了主意，进去见了邢王两位太太，便假意的劝了一回。无奈惜春立意必要出家，就不放他出去，只求一两间净屋子给他诵经拜佛。
贾探春,贾政,亲属,父女,"002,100,104",是,三小姐乃政老爹之庶出，名探春
贾探春,贾迎春,亲属,姊妹,"003,018",是,迎春姊妹三个告了座方上来。迎春便坐右手第一，探春左第二，惜春右第二。
贾探春,贾母,亲属,祖孙（孙女儿）,005,是,贾母万般怜爱，寝食起居一如宝玉，把那迎春、探春、惜春三个孙女儿倒且靠后了
贾探春,贾迎春,未分类,下围棋,007,否,只见迎春、探春二人正在窗下围棋。
贾探春,香菱,事件,邀请入社,048,否,探春笑道：“明儿我补一个柬来，请你入社。”
贾探春,赵姨娘,未分类,生养,055,否,谁不知道我是姨娘养的
贾探春,贾环,亲属,姐弟,055,是,我这屋里熬油似的熬了这么大年纪，又有你和你兄弟
贾探春,贾政,未分类,二老爷跟前人养的,073,否,这里探丫头也是二老爷跟前人养的
贾探春,贾迎春,亲属,探春称迎春姐姐,073,是,我和姐姐一样，姐姐的事和我的也是一般
贾探春,贾母,主仆,称呼（三丫头）,076,是,只是三丫头可怜见的，尚还等着。
贾探春,镇海总制,事件,求亲,100,否,顺便将总制求亲之事回明贾母，如若愿意，即将三姑娘接到任所。
贾探春,赵姨娘,亲属,母女,100,是,赵姨娘听见探春这事，反欢喜起来，心里说道：“我这个丫头在家忒瞧不起我，我何从还是个娘，比他的丫头还不济。
贾探春,贾母,亲属,祖孙,100,是,贾母道：“你们愿意更好。只是三丫头这一去了，不知三年两年那边可能回家？若再迟了，恐怕我赶不上再见他一面了。”
贾探春,贾琏,亲属,兄妹,102,是,前儿你二叔带书子来说，探春于某日到了任所，择了某日吉时送了你妹子到了海疆，路上风恬浪静，合家不必挂念。
贾探春,贾迎春,亲属,姐妹,109,是,迎春道：‘老太太始终疼我，如今也疼不来了。可怜我只是没有再来的时候了。’说着，眼泪直流。众人都劝道：‘这有什么不能回来的？比不得你三妹妹，隔得远，要见面就难了。’贾母等想起探春，不觉也大家落泪，只为是宝钗的生日，即转悲为喜说：‘这也不难，只要海疆平静，那边亲家调进京来，就见的着了。’
贾政,贾赦,亲属,兄弟,"002,106,107,114",是,生了两个儿子：长子贾赦，次子贾政。
贾政,贾珠,亲属,父子,002,是,这政老爹的夫人王氏，头胎生的公子，名唤贾珠
贾政,贾琏,亲属,叔侄,"002,105,106,114,116",是,所以如今只在乃叔政老爷家住着，帮着料理些家务。
贾政,贾敏,亲属,胞兄妹,002,是,目今你贵东家林公之夫人，即荣府中赦，政二公之胞妹，在家时名唤贾敏。
贾政,贾雨村,未分类,同谱,003,否,若论舍亲，与尊兄犹系同谱，乃荣公之孙
贾政,贾母,亲属,母子,"003,022,033,071,096,104,105,106,107,110,111",是,此即冷子兴所云之史氏太君，贾赦贾政之母也。
贾政,贾珍,未分类,劝谏,013,否,贾政因劝道：“此物恐非常人可享者，殓以上等杉木也就是了。”此时贾珍恨不能代秦氏之死，这话如何肯听。
贾政,贾珍,事件,回话,017,否,这日贾珍等来回贾政
贾政,贾雨村,事件,请来拟,017,否,贾政等听了，都道：“所见不差。我们今日且看看去，只管题了，若妥当便用；不妥时，然后将雨村请来，令他再拟。”
贾政,贾珍,未分类,侍立,017,否,贾政刚至园门前，只见贾珍带领许多执事人来，一旁侍立。
贾政,贾珍,事件,命关门,017,否,贾政道：“你且把园门都关上，我们先瞧了外面再进去。”贾珍听说，命人将门关了。
贾政,贾珍,事件,命引导,017,否,命贾珍在前引导
贾政,贾琏,事件,唤,"017,023",否,贾政听了，便知此事不是贾珍的首尾，便命人去唤贾琏。
贾政,贾琏,事件,问,017,否,一时，贾琏赶来，贾政问他共有几种，现今得了几种，尚欠几种。
贾政,贾母,未分类,怕不放心,017,否,贾政心中也怕贾母不放心
贾政,贾珍,未分类,称老爷,017,否,贾珍笑道：“老爷随我来。从这门出去，便是后院，从后院出去，倒比先近了。”
贾政,贾琏,未分类,见,023,否,贾琏已经笑着去了，到了前面见了贾政
贾政,贾琏,未分类,依从,023,否,贾政原不大理论这些事，听贾琏如此说，便如此依了。
贾政,贾母,事件,遣人回话,023,否,就有贾政遣人来回贾母说
贾政,赵姨娘,未分类,喝退,025,否,贾政在旁听见这些话，心里越发难过，便喝退赵姨娘，自己上来委婉解劝。
贾政,贾赦,未分类,阻,025,否,贾政见不灵效，着实懊恼，因阻贾赦道：“儿女之数，皆由天命，非人力可强者。他二人之病出于不意，百般医治不效，想天意该如此，也只好由他们去罢。”
贾政,贾环,亲属,父子,033,是,贾环见了他父亲
贾政,贾母,未分类,阻拦叫宝玉,036,否,因怕将来贾政又叫他，遂命人将贾政的亲随小厮头儿唤来
贾政,赵姨娘,事件,求,072,否,是晚得空，便先求了贾政。
贾政,贾母,未分类,禀报,083,否,贾赦贾政送出大门，回来先禀贾母。
贾政,贾雨村,未分类,本家,092,否,雨村老先生是贵本家不是？”贾政道：“是。”
贾政,贾琏,事件,使唤,092,否,贾政便着人叫贾琏把这两件东西送到老太太那边去
贾政,门上的人,事件,吩咐,093,否,贾政叫门上人来吩咐道
贾政,赖大,事件,差遣,093,否,贾政道：“快叫赖大带了三四辆车子到水月庵里去
贾政,贾蓉,未分类,呈书,093,否,只见贾蓉走来，拿着一封书子，写着“二老爷密启”。
贾政,赖大,主仆,主仆,"094,105,106",是,晚上贾政回家，贾琏赖大回明贾政。
贾政,贾范,未分类,远族,104,否,主上又问道：‘贾范是你什么人？’我忙奏道：‘是远族。’
贾政,贾雨村,社会,同僚,104,是,出来即忙找着贾政，先说了些为他抱屈的话，后又道喜
贾政,赵堂官,未分类,拜望,105,否,有锦衣府堂官赵老爷带领好几位司官说来拜望。
贾政,贾赦,未分类,同房各爨,105,否,西平王道：“闻得赦老与政老同房各爨的，理应遵旨查看贾赦的家资，其余且按房封锁，我们复旨去再候定夺。”
贾政,鲍二,未分类,家人,105,否,还将咱们家的鲍二拿去，又还拉出一个姓张的来。
贾政,鲍二,主仆,主仆,106,是,贾政嗔道：“放屁！你们这班奴才最没有良心的，仗着主子好的时候任意开销，到弄光了，走的走，跑的跑，还顾主子的死活吗！如今你们道是没有查封是好，那知道外头的名声。大本儿都保不住，还搁得住你们在外头支架子说大话诓人骗人，到闹出事来望主子身上一推就完了。如今大老爷与珍大爷的事，说是咱们家人鲍二在外传播的，我看这人口册上并没有鲍二，这是怎么说？”
贾政,贾母,事件,奉命,108,否,此时贾政理家，又奉了贾母之命将人口渐次减少，诸凡省俭，尚且不能支持。
贾政,贾琏,事件,差遣,109,否,贾政又命贾琏：‘打听好大夫，快去请来瞧老太太的病。咱们家常请的几个大夫，我瞧着不怎么好，所以叫你去。’
贾政,镇海统制,亲属,亲家,114,是,弟那年在江西粮道任时，将小女许配与统制少君，结褵已经三载。
贾政,赖尚荣,未分类,借贷,118,否,想到盘费算来不敷，不得已写书一封，差人到赖尚荣任上借银五百，叫人沿途迎上来应需用。
贾政,贾母,未分类,扶灵,120,否,且说贾政扶贾母灵柩，贾蓉送了秦氏凤姐鸳鸯的棺木，到了金陵，先安了葬。
贾敏,贾赦,亲属,胞兄妹,002,是,目今你贵东家林公之夫人，即荣府中赦，政二公之胞妹，在家时名唤贾敏。
贾敬,贾珍,亲属,父子,"002,011,063",是,只剩了次子贾敬袭了官，如今一味好道，只爱烧丹炼汞，余者一概不在心上。幸而早年留下一子，名唤贾珍
贾敬,贾母,亲属,贾敬为贾母侄儿,011,是,贾珍尤氏二人亲自递了茶，因说道：“老太太原是老祖宗，我父亲又是侄儿，这样日子，原不敢请他老人家；
贾敬,贾蓉,亲属,祖孙,"011,013,063",是,着贾蓉带领家下人等与贾敬送去，向贾蓉说道：“你留神看太爷喜欢不喜欢，你就行了礼来。
贾母,贾赦,亲属,母子,"003,046",是,此即冷子兴所云之史氏太君，贾赦贾政之母也。
贾母,鹦哥,主仆,主仆,"003,100",是,贾母见雪雁甚小，一团孩气，王嬷嬷又极老，料黛玉皆不遂心省力的，便将自己身边的一个二等丫头，名唤鹦哥者与了黛玉。
贾母,贾迎春,亲属,祖孙（孙女儿）,005,是,贾母万般怜爱，寝食起居一如宝玉，把那迎春、探春、惜春三个孙女儿倒且靠后了
贾母,贾琏,事件,差遣,012,否,于是贾母定要贾琏送他去，仍叫带回来。
贾母,邢夫人,事件,带领,016,否,贾母带领邢夫人、王夫人、尤氏，一共四乘大轿入朝。
贾母,贾赦,未分类,奉侍,016,否,贾赦，贾珍亦换了朝服，带领贾蓉、贾蔷奉侍贾母大轿前往。
贾母,贾珍,未分类,奉侍,016,否,贾赦，贾珍亦换了朝服，带领贾蓉、贾蔷奉侍贾母大轿前往。
贾母,贾蓉,未分类,奉侍,016,否,贾赦，贾珍亦换了朝服，带领贾蓉、贾蔷奉侍贾母大轿前往。
贾母,贾蔷,未分类,奉侍,016,否,贾赦，贾珍亦换了朝服，带领贾蓉、贾蔷奉侍贾母大轿前往。
贾母,赖大,未分类,禀报,016,否,贾母便唤进赖大来细问端的。赖大禀道
贾母,贾环,未分类,怕,020,否,是以贾环等都不怕他，却怕贾母，才让他三分。
贾母,贾赦,事件,回话,024,否,贾赦先站起来回了贾母话
贾母,邢夫人,事件,请安,024,否,邢夫人见了他来，先倒站了起来，请过贾母安
贾母,马道婆,未分类,供奉,025,否,贾母说：“既是这样说，你便一日五斤合准了，每月打趸来关了去。”
贾母,赵姨娘,冲突,骂,025,是,赵姨娘在旁劝道：“老太太也不必过于悲痛。哥儿已是不中用了，不如把哥儿的衣服穿好，让他早些回去，也免些苦；只管舍不得他，这口气不断，他在那世里也受罪不安生。”这些话没说完，被贾母照脸啐了一口唾沫，骂道：
贾母,鸳鸯,主仆,主仆,"029,039,040,043,046,047,050,052,059,075,077,083,088,094,097,100,106,109,110,111,112",是,贾母的丫头鸳鸯，鹦鹉，琥珀，珍珠
贾母,鹦鹉,主仆,主仆,029,是,贾母的丫头鸳鸯，鹦鹉，琥珀，珍珠
贾母,鸳鸯,事件,命,042,否,又命鸳鸯来：“好生打发刘姥姥出去。我身上不好，不能送你。”
贾母,贾珍,事件,问,042,否,因问贾珍：“这位供奉贵姓？”
贾母,贾珍,未分类,回答,042,否,贾珍等忙回：“姓王”。
贾母,贾珍,未分类,回明,042,否,贾珍等拿了药方来，回明贾母原故，将药方放在桌上出去，不在话下。
贾母,邢夫人,亲属,婆媳,046,是,不象我那大太太一味怕老爷，婆婆跟前不过应景儿。
贾母,金文翔,主仆,主仆,046,是,他哥哥金文翔，现在是老太太那边的买办。
贾母,金文翔媳妇,主仆,主仆,046,是,他嫂子也是老太太那边浆洗的头儿。
贾母,贾赦,未分类,赏赐,053,否,贾赦略领了贾母之赐，也便告辞而去。
贾母,贾赦,事件,请宴,053,否,十一日是贾赦请贾母等
贾母,贾珍,事件,请宴,053,否,次日贾珍又请，贾母皆去随便领了半日。
贾母,贾珍,未分类,奉酒跪拜,054,否,贾珍等至贾母榻前，因榻矮，二人便屈膝跪了。贾珍在先捧杯，贾琏在后捧壶。
贾母,贾琏,未分类,奉酒跪拜,054,否,贾珍等至贾母榻前，因榻矮，二人便屈膝跪了。贾珍在先捧杯，贾琏在后捧壶。
贾母,贾珍,事件,称呼珍哥儿/命带兄弟,054,否,贾母便说：‘珍哥儿带着你兄弟们去罢，我也就睡了。’
贾母,鸳鸯,事件,差遣,"069,108",否,贾母又戴了眼镜，命鸳鸯琥珀：“把那孩子拉过来，我瞧瞧肉皮儿。”
贾母,鸳鸯,主仆,伏侍,072,是,姐姐一年到头辛苦伏侍老太太
贾母,鸳鸯,主仆,服侍,076,是,只见鸳鸯拿了软巾兜与大斗篷来，说：“夜深了，恐露水下来，风吹了头，须要添了这个。坐坐也该歇了。”
贾母,鸳鸯,未分类,传饭,081,否,遂叫鸳鸯琥珀等传饭。
贾母,鸳鸯,事件,使唤,"082,095",否,听见贾母道：“鸳鸯，你来送姑娘出去歇歇。我倒被他闹乏了。”
贾母,贾赦,未分类,禀报,083,否,贾赦贾政送出大门，回来先禀贾母。
贾母,麝月,事件,使唤,095,否,便叫麝月传人去请
贾母,贾迎春,亲属,祖孙,109,是,贾母道：‘我三个孙女儿，一个享尽了福死了，三丫头远嫁不得见面，迎丫头虽苦，或者熬出来，不打量他年轻轻儿的就要死了。留着我这么大年纪的人活着做什么！’
贾母,贾环,亲属,祖孙,110,是,宝玉，贾环，贾兰是亲孙，年纪又小，都应守灵。
贾母,贾琏,亲属,祖孙,110,是,贾琏虽也是亲孙，带着贾蓉尚可分派家人办事。
贾王肩,贾珍,亲属,兄弟,063,是,嫂子恐哥哥和侄儿来了
贾王肩,贾蓉,亲属,叔侄,063,是,嫂子恐哥哥和侄儿来了
贾环,邢夫人,未分类,招待,024,否,邢夫人便叫他两个椅子上坐了。
贾环,赵姨娘,亲属,母子,"025,060,084,085,119",是,赵姨娘听这话口气松动了，便说道：“你这么个明白人，怎么糊涂起来了。你若果然法子灵验，把他两个绝了，明日这家私不怕不是我环儿的。那时你要什么不得？”
贾环,金钏儿,事件,使唤,025,否,那贾环正在王夫人炕上坐着，命人点灯，拿腔作势的抄写。一时又叫彩云倒杯茶来，一时又叫玉钏儿来剪剪蜡花，一时又说金钏儿挡了灯影。
贾环,赵姨娘,未分类,代领月钱,055,否,环哥的是姨娘领二两
贾环,贾琏,事件,带领,058,否,贾琏已备下年例祭祀，带领贾环，贾琮，贾兰三人去往铁槛寺祭柩烧纸。
贾环,钱槐,未分类,跟上学,060,否,他本身又派跟贾环上学。
贾环,赵姨娘,未分类,唆使,072,否,每唆贾环去讨
贾环,贾蔷,未分类,入了一路,117,否,那贾环为他父亲不在家，赵姨娘已死，王夫人不大理会他，便入了贾蔷一路。
贾环,贾芸,亲属,叔侄,118,是,贾芸道：“三叔，你这话说的倒好笑，咱们一块儿顽，一块儿闹，那里有银钱的事。”
贾环,贾芸,未分类,同谋,119,否,贾环听说，喜欢的了不得，连忙答应了出来，赶着和贾芸说了，邀着王仁到那外藩公馆立文书兑银子去了。
贾珍,贾蓉,亲属,父子,"002,010,011,013,053,063,064,068,102",是,这位珍爷倒生了一个儿子，今年才十六岁，名叫贾蓉。
贾珍,贾蔷,未分类,抚养,009,否,父母早亡，从小儿跟着贾珍过活
贾珍,贾蔷,情感,溺爱,009,是,总恃上有贾珍溺爱
贾珍,邢夫人,未分类,邢夫人为贾珍婶子,011,否,贾珍率领众子侄都在车旁侍立，等候着呢，见了邢夫人、王夫人道：“二位婶子明日还过来逛逛。”
贾珍,贾蓉,事件,差遣,015,否,贾珍便命贾蓉请凤姐歇息。
贾珍,贾琏,未分类,一同猜枚行令,019,否,贾珍、贾琏、薛蟠等只顾猜枚行令，百般作乐
贾珍,贾蓉,未分类,率领,023,否,贾珍率领蓉、萍等监工。
贾珍,贾菖,事件,唤来监工,023,否,因此贾珍又将贾菖，贾菱唤来监工。
贾珍,贾菱,事件,唤来监工,023,否,因此贾珍又将贾菖，贾菱唤来监工。
贾珍,赖升,主仆,主仆,053,是,贾珍看了，命交与赖升去看了
贾珍,贾琏,未分类,同奉酒,054,否,贾珍在先捧杯，贾琏在后捧壶。
贾珍,贾蓉,未分类,称蓉儿/留斟酒,054,否,贾珍忙答应了，又笑说：‘留下蓉儿斟酒才是。’
贾珍,贾琏,亲属,兄弟,"064,065,083,085,106",是,原来贾琏贾珍素日亲密，又是兄弟，本无可避忌之人，自来是不等通报的。
贾珍,鲍二,主仆,主仆,"065,088",是,那鲍二来请安，贾珍便说：“你还是个有良心的小子，所以叫你来伏侍。
贾珍,邢德全,亲属,舅甥,075,是,老贤甥，昨日我和你那边的令伯母赌气，你可知道否？
贾珍,邢夫人,未分类,伯母侄,075,否,老贤甥，昨日我和你那边的令伯母赌气，你可知道否？
贾珍的妻子,贾蓉的妻子,亲属,婆媳,029,是,只见贾珍贾蓉的妻子婆媳两个来了
贾琏,贾赦,亲属,父子,"002,003,046,064,069,105,114,119",是,若问那赦公，也有二子，长名贾琏
贾琏,贾琏的女儿,亲属,父女,006,是,乃是贾琏的女儿睡觉之所
贾琏,贾雨村,未分类,同宗弟兄,016,否,与贾琏是同宗弟兄
贾琏,赵嬷嬷,主仆,乳母,016,是,一时贾琏的乳母赵嬷嬷走来
贾琏,贾蓉,亲属,叔侄,"016,063,064,068,069",是,贾蓉先回说：‘我父亲打发我来回叔叔
贾琏,贾蔷,亲属,叔侄,"016,117",是,贾蔷又近前回说：‘下姑苏聘请教习，采买女孩子，置办乐器行头等事，大爷派了侄儿，带领着来管家两个儿子，还有单聘仁、卜固修两个清客相公，一同前往，所以命我来见叔叔。’
贾琏,贾芹,未分类,见感谢,023,否,贾芹便来见贾琏夫妻两个，感谢不尽。
贾琏,贾芸,亲属,叔侄,"024,088",是,贾芸指贾琏道：“找二叔说句话。”
贾琏,贾芹,未分类,给事,024,否,偏生你婶子再三求了我，给了贾芹了。
贾琏,贾芸,未分类,叔叔,024,否,叔叔也不必先在婶子跟前提我今儿来打听的话
贾琏,鸳鸯,未分类,爱上了你,038,否,凤姐儿笑道：“你和我少作怪。你知道你琏二爷爱上了你，要和老太太讨了你作小老婆呢。”
贾琏,鲍二家的,未分类,通奸,044,否,好淫妇！你偷主子汉子，还要治死主子老婆！
贾琏,邢夫人,亲属,母子,"044,047",是,贾琏明仗着贾母素习疼他们，连母亲婶母也无碍，故逞强闹了来。
贾琏,贾芹,亲属,叔侄,"053,093",是,等过了年，我必和你琏二叔说，换回你来。
贾琏,贾琮,事件,带领,058,否,贾琏已备下年例祭祀，带领贾环，贾琮，贾兰三人去往铁槛寺祭柩烧纸。
贾琏,隆儿,主仆,主仆,065,是,贾琏的心腹小童隆儿拴马去
贾琏,鲍二,主仆,主仆,065,是,乃命鲍二等人不许提三说二的
贾琏,贾蓉,未分类,同行,067,否,二爷同着蓉哥儿到了东府里，道儿上爷儿两个说起珍大奶奶那边的二位姨奶奶来。
贾琏,鸳鸯,亲属,姐弟相称,072,是,好姐姐，再坐一坐，兄弟还有事相求。
贾琏,贾迎春,亲属,兄妹,073,是,总是你那好哥哥好嫂子，一对儿赫赫扬扬，琏二爷凤奶奶，两口子遮天盖日，百事周到，竟通共这一个妹子，全不在意。
贾琏,贾赦,事件,传唤,083,否,只见一个小厮迎上来回道：“大老爷叫二爷说话呢。”贾琏急忙过来，见了贾赦。
贾琏,赖升,主仆,主仆,093,是,贾琏骂了一顿，叫大管家赖升
贾琏,赖大,主仆,主仆,"093,094,096,109",是,贾琏便与他商量。赖大说：“这芹大爷本来闹的不象了。奴才今儿到庵里的时候，他们正在那里喝酒呢。”
贾琏,赵堂官,未分类,查抄,105,否,赵堂官便说：“贾琏贾赦两处须得奴才带领去查抄才好。”
贾琏,贾芸,未分类,托付/上下级,112,否,贾琏听了，急得直跳，一见芸儿，也不顾贾政在那里，便把贾芸狠狠的骂了一顿说：“不配抬举的东西，我将这样重任托你，押着人上夜巡更，你是死人么！亏你还有脸来告诉！”
贾琏,贾芸,事件,送行,117,否,且说贾芸贾蔷送了贾琏
贾琏,贾蔷,事件,送行,117,否,且说贾芸贾蔷送了贾琏
贾瑞,金荣,冲突,逼迫,009,是,后来禁不得贾瑞也来逼他去赔不是
贾瑞,香怜,未分类,抢白,009,否,却拿着香怜作法，反说他多事，着实抢白了几句。
贾瑞,金荣,未分类,同伙,009,否,因此贾瑞金荣等一干人，也正在醋妒他两个。
贾瑞,贾蔷,亲属,叔侄,012,是,贾瑞听了，魂不附体，只说：“好侄儿，只说没有见我，明日我重重的谢你。”
贾瑞,贾蓉,亲属,叔侄,012,是,只见炕上那人笑道：“瑞大叔要臊我呢。”贾瑞一见，却是贾蓉，真臊的无地可入
贾瑞,跛足道人,事件,赠镜治病,012,否,那道士叹道：“你这病非药可医。我有个宝贝与你，你天天看时，此命可保矣。”说毕，从褡裢中取出一面镜子来——两面皆可照人，镜把上面錾着“风月宝鉴”四字——递与贾瑞
贾瑞,贾蔷,未分类,债务,012,否,他两作好作歹，只写了五十两，然后画了押，贾蔷收起来。
贾瑞,贾蓉,未分类,债务,012,否,然后撕逻贾蓉。贾蓉先咬定牙不依，只说：“明日告诉族中的人评评理。”贾瑞急的至于叩头。贾蔷作好作歹的，也写了一张五十两欠契才罢。
贾璜,金氏,亲属,夫妻,010,是,且说他姑娘，原聘给的是贾家玉字辈的嫡派，名唤贾璜。
贾芸,贾芸母亲,亲属,母子,104,是,贾芸的母亲便倒茶
贾芸,贾蔷,未分类,商议,117,否,便合贾蔷商议道：“太太叫我们进去，我们是做不得主的。况且也不好做主，只好劝去。若劝不住，只好由他们罢。咱们商量了写封书给琏二叔，便卸了我们的干系了。”
贾芸,贾蔷,未分类,拦住,117,否,那贾蔷还想勾引宝玉，贾芸拦住道：“宝二爷那个人没运气的，不用惹他。”
贾芹,鹤仙,未分类,勾搭,093,否,因那小沙弥中有个名叫沁香的和女道士中有个叫做鹤仙的，长得都甚妖娆，贾芹便和这两个人勾搭上了。
贾菌,贾菌之母,亲属,母子,009,是,其母亦少寡，独守着贾菌。
贾蓉,贾蔷,亲属,兄弟,009,是,他弟兄二人最相亲厚，常相共处。
贾蓉,贾蔷,未分类,匡助,009,否,下有贾蓉匡助
贾蓉,贾蓉之妻,亲属,夫妻,"053,054,075",是,贾蓉便传于他妻子
贾蓉,贾蓉的媳妇,亲属,夫妻,110,是,贾蓉的媳妇更不必说了。
贾蔷,龄官,未分类,管领,018,否,贾蔷忙答应了，因命龄官作《游园》，《惊梦》二出。
贾蔷,龄官,事件,送顽意儿,036,否,贾蔷笑道：“买了雀儿你顽，省得天天闷闷的无个开心。我先顽个你看。”
贾蔷,龄官,未分类,一心在,036,否,贾蔷一心都在龄官身上，也不顾送，倒是别的女孩子送了出来。
贾赦,贾迎春,亲属,父女,"002,079",是,二小姐乃赦老爹之妾所出，名迎春
贾赦,邢夫人,亲属,夫妻,"003,046",是,时贾赦之妻邢氏忙亦起身，笑回道：
贾赦,鸳鸯,亲属,欲纳为妾,046,是,老爷因看上了老太太的鸳鸯，要他在房里，叫我和老太太讨去。
贾赦,贾迎春,未分类,大老爷跟前人养的,073,否,你是大老爷跟前人养的
贾赦,赵堂官,未分类,拘押,105,否,赵堂官一叠声叫：“拿下贾赦，其余皆看守。”
贾迎春,邢岫烟,未分类,同住,049,否,邢夫人便将岫烟交与凤姐儿。凤姐儿筹算得园中姊妹多，性情不一，且又不便另设一处，莫若送到迎春一处去
贾迎春,邢夫人,未分类,侍药,053,否,邢夫人又正害火眼，迎春岫烟皆过去朝夕侍药
贾迎春,迎春之乳母,主仆,乳母,"073,074",是,一个就是迎春之乳母。
贾迎春,邢夫人,亲属,迎春称邢夫人母亲,073,是,忽报母亲来了，遂接入内室。奉茶毕，邢夫人因说道
贾迎春,迎春的娘,亲属,母女,073,是,如今你娘死了
贾雨村,香菱,未分类,恩人,004,否,这人算来还是老爷的大恩人呢
贾雨村,鲍音,未分类,自称家人,101,否,头一名鲍音，口称系太师镇国公贾化家人。
贾雨村,贾雨村夫人,亲属,夫妻,104,是,将道上遇见甄士隐的事告诉了他夫人一遍。他夫人便埋怨他
贾雨村,香菱,未分类,曾经判断,120,否,小女英莲幼遭尘劫，老先生初任之时曾经判断。
赖大,赖大的母亲,亲属,母子,043,是,那赖大的母亲等三四个老妈妈告个罪，都坐在小杌子上了。
赖大,赖大家的,亲属,夫妻,043,是,并赖大家的等有头脸管事的媳妇也都叫了来。
赖大,赖尚荣,亲属,父子,047,是,那赖大之子赖尚荣与他素习交好
赖大,赖大的媳妇,亲属,夫妻,047,是,赖大的媳妇又进来请。
赖大家的,赖嬷嬷,亲属,婆媳,045,是,凤姐儿笑道：“媳妇来接婆婆来了。”
赵国基,赵姨娘,亲属,兄妹,055,是,赵姨娘的兄弟赵国基昨日死了。
赵姨娘,马道婆,未分类,上供,025,否,赵姨娘问道：“前日我送了五百钱去，在药王跟前上供，你可收了没有？”马道婆道：“早已替你上了供了。”
赵姨娘,马道婆,事件,请托,025,否,马道婆听说这话打拢了一处，便又故意说道：“阿弥陀佛！你快休问我，我那里知道这些事。罪过，罪过。”赵姨娘道：“你又来了。你是最肯济困扶危的人，难道就眼睁睁的看人家来摆布死了我们娘儿两个不成？难道还怕我不谢你？”
赵姨娘,马道婆,未分类,授法,025,否,马道婆看看白花花的一堆银子，又有欠契，并不顾青红皂白，满口里应着，伸手先去抓了银子掖起来，然后收了欠契。又向裤腰里掏了半晌，掏出十个纸铰的青面白发的鬼来，并两个纸人，递与赵姨娘，又悄悄的教他道：
赵姨娘,钱槐,未分类,内侄,060,否,内中有一小伙名唤钱槐者，乃系赵姨娘之内侄。
赵姨娘,鸳鸯,未分类,附身,112,否,赵姨娘醒来说道：“我是不回去的，跟着老太太回南去。”众人道：“老太太那用你来！”赵姨娘道：“我跟了一辈子老太太、大老爷还不依，弄神弄鬼的来算计我。——我想仗着马道婆要出出我的气，银子白花了好些，也没有弄死了一个。如今我回去了，又不知谁来算计我。”众人听见，早知是鸳鸯附在他身上。
赵姨娘,马道婆,事件,请托/同谋,112,否,赵姨娘道：“我跟了一辈子老太太、大老爷还不依，弄神弄鬼的来算计我。——我想仗着马道婆要出出我的气，银子白花了好些，也没有弄死了一个。”
邢夫人,邢岫烟,亲属,亲戚（兄嫂之女）,049,是,原来邢夫人之兄嫂带了女儿岫烟进京来投邢夫人的
邢夫人,邢岫烟,未分类,侍药,053,否,邢夫人又正害火眼，迎春岫烟皆过去朝夕侍药
邢夫人,邢德全,亲属,姐弟,075,是,近日邢夫人之胞弟邢德全也酷好如此，故也在其中。
金彩,鸳鸯,亲属,父女,046,是,他爹的名字叫金彩，两口子都在南京看房子，从不大上京。
金彩,金文翔,亲属,父子,046,是,他爹的名字叫金彩，两口子都在南京看房子，从不大上京。他哥哥金文翔，现在是老太太那边的买办。
金文翔,鸳鸯,亲属,兄妹,046,是,他哥哥金文翔，现在是老太太那边的买办。
金文翔,金文翔媳妇,亲属,夫妻,046,是,他哥哥金文翔，现在是老太太那边的买办。他嫂子也是老太太那边浆洗的头儿。
金文翔媳妇,鸳鸯,亲属,姑嫂,046,是,他嫂子也是老太太那边浆洗的头儿。
金氏,金荣,亲属,姑侄,010,是,好容易我望你姑妈说了，你姑妈千方百计的才向他们西府里的琏二奶奶跟前说了
金荣,香怜,未分类,欺负,009,否,秦钟香怜二人又气又急，忙进去向贾瑞前告金荣，说金荣无故欺负他两个。
金钏儿,香菱,未分类,一起玩,007,否,帘栊响处，才和金钏儿玩的那个小丫头进来
锦乡伯,韩奇,亲属,父子,014,是,锦乡伯公子韩奇
陈瑞文,陈翼,亲属,祖孙,014,是,齐国公陈翼之孙世袭三品威镇将军陈瑞文
霍启,香菱,未分类,抱,001,否,士隐命家人霍启抱了英莲去看社火花灯
马尚,马魁,亲属,祖孙,014,是,治国公马魁之孙世袭三品威远将军马尚
鲍二,鲍二家的,亲属,夫妻,"044,065",是,二爷就开了箱子，拿了两块银子，还有两根簪子，两匹缎子，叫我悄悄的送与鲍二的老婆去，叫他进来。
鸳鸯,鸳鸯的娘,亲属,母女,054,是,正好鸳鸯的娘前儿也死了
鸳鸯,鸳鸯的嫂子,亲属,姑嫂,111,是,王夫人即传了鸳鸯的嫂子进来，叫他看着入殓。
